id,kind,fighter,action,asset,artAcceptance,runtime,frames,data,notes
"ilyra-voss/unarmed/idle","fighter","ilyra-voss","idle","exported","export-verified","export-only","12","exports/ilyra-voss/unarmed/idle/animation.json","Alternate equipment export; Duel uses the armed character."
"ilyra-voss/unarmed/run","fighter","ilyra-voss","run","exported","replacement-reviewed","export-only","12","exports/ilyra-voss/unarmed/run/animation.json","Alternate equipment export; Duel uses the armed character."
"ilyra-voss/unarmed/jump","fighter","ilyra-voss","jump","exported","export-verified","export-only","12","exports/ilyra-voss/unarmed/jump/animation.json","Alternate equipment export; Duel uses the armed character."
"ilyra-voss/unarmed/fall","fighter","ilyra-voss","fall","exported","export-verified","export-only","12","exports/ilyra-voss/unarmed/fall/animation.json","Alternate equipment export; Duel uses the armed character."
"ilyra-voss/unarmed/land","fighter","ilyra-voss","land","exported","export-verified","export-only","12","exports/ilyra-voss/unarmed/land/animation.json","Alternate equipment export; Duel uses the armed character."
"ilyra-voss/unarmed/opener","fighter","ilyra-voss","opener","exported","export-verified","export-only","12","exports/ilyra-voss/unarmed/opener/animation.json","Alternate equipment export; Duel uses the armed character."
"ilyra-voss/unarmed/launcher","fighter","ilyra-voss","launcher","exported","export-verified","export-only","12","exports/ilyra-voss/unarmed/launcher/animation.json","Alternate equipment export; Duel uses the armed character."
"ilyra-voss/unarmed/aerial","fighter","ilyra-voss","aerial","exported","export-verified","export-only","12","exports/ilyra-voss/unarmed/aerial/animation.json","Alternate equipment export; Duel uses the armed character."
"ilyra-voss/unarmed/finisher","fighter","ilyra-voss","finisher","exported","export-verified","export-only","16","exports/ilyra-voss/unarmed/finisher/animation.json","Alternate equipment export; Duel uses the armed character."
"ilyra-voss/unarmed/shield","fighter","ilyra-voss","shield","exported","export-verified","export-only","12","exports/ilyra-voss/unarmed/shield/animation.json","Alternate equipment export; Duel uses the armed character."
"ilyra-voss/unarmed/dodge","fighter","ilyra-voss","dodge","exported","export-verified","export-only","16","exports/ilyra-voss/unarmed/dodge/animation.json","Alternate equipment export; Duel uses the armed character."
"ilyra-voss/unarmed/grab","fighter","ilyra-voss","grab","exported","export-verified","export-only","12","exports/ilyra-voss/unarmed/grab/animation.json","Alternate equipment export; Duel uses the armed character."
"ilyra-voss/unarmed/throw_forward","fighter","ilyra-voss","throw_forward","exported","export-verified","export-only","12","exports/ilyra-voss/unarmed/throw_forward/animation.json","Alternate equipment export; Duel uses the armed character."
"ilyra-voss/unarmed/tactical","fighter","ilyra-voss","tactical","exported","export-verified","export-only","16","exports/ilyra-voss/unarmed/tactical/animation.json","Alternate equipment export; Duel uses the armed character."
"ilyra-voss/unarmed/ultimate","fighter","ilyra-voss","ultimate","exported","export-verified","export-only","16","exports/ilyra-voss/unarmed/ultimate/animation.json","Alternate equipment export; Duel uses the armed character."
"ilyra-voss/unarmed/walk","fighter","ilyra-voss","walk","exported","replacement-reviewed","export-only","12","exports/ilyra-voss/unarmed/walk/animation.json","Alternate equipment export; Duel uses the armed character."
"ilyra-voss/unarmed/dash","fighter","ilyra-voss","dash","exported","export-verified","export-only","12","exports/ilyra-voss/unarmed/dash/animation.json","Alternate equipment export; Duel uses the armed character."
"ilyra-voss/unarmed/brake","fighter","ilyra-voss","brake","exported","export-verified","export-only","12","exports/ilyra-voss/unarmed/brake/animation.json","Alternate equipment export; Duel uses the armed character."
"ilyra-voss/unarmed/double_jump","fighter","ilyra-voss","double_jump","exported","export-verified","export-only","12","exports/ilyra-voss/unarmed/double_jump/animation.json","Alternate equipment export; Duel uses the armed character."
"ilyra-voss/unarmed/fast_fall","fighter","ilyra-voss","fast_fall","exported","export-verified","export-only","12","exports/ilyra-voss/unarmed/fast_fall/animation.json","Alternate equipment export; Duel uses the armed character."
"ilyra-voss/unarmed/air_dodge","fighter","ilyra-voss","air_dodge","exported","export-verified","export-only","12","exports/ilyra-voss/unarmed/air_dodge/animation.json","Alternate equipment export; Duel uses the armed character."
"ilyra-voss/unarmed/recovery","fighter","ilyra-voss","recovery","exported","export-verified","export-only","16","exports/ilyra-voss/unarmed/recovery/animation.json","Alternate equipment export; Duel uses the armed character."
"ilyra-voss/unarmed/wall_cling","fighter","ilyra-voss","wall_cling","exported","export-verified","export-only","12","exports/ilyra-voss/unarmed/wall_cling/animation.json","Alternate equipment export; Duel uses the armed character."
"ilyra-voss/unarmed/ledge_hang","fighter","ilyra-voss","ledge_hang","exported","export-verified","export-only","12","exports/ilyra-voss/unarmed/ledge_hang/animation.json","Alternate equipment export; Duel uses the armed character."
"ilyra-voss/unarmed/ledge_climb","fighter","ilyra-voss","ledge_climb","exported","export-verified","export-only","16","exports/ilyra-voss/unarmed/ledge_climb/animation.json","Alternate equipment export; Duel uses the armed character."
"ilyra-voss/unarmed/hurt","fighter","ilyra-voss","hurt","exported","export-verified","export-only","12","exports/ilyra-voss/unarmed/hurt/animation.json","Alternate equipment export; Duel uses the armed character."
"ilyra-voss/unarmed/tumble","fighter","ilyra-voss","tumble","exported","replacement-reviewed","export-only","12","exports/ilyra-voss/unarmed/tumble/animation.json","Alternate equipment export; Duel uses the armed character."
"ilyra-voss/unarmed/get_up","fighter","ilyra-voss","get_up","exported","export-verified","export-only","12","exports/ilyra-voss/unarmed/get_up/animation.json","Alternate equipment export; Duel uses the armed character."
"ilyra-voss/unarmed/ko","fighter","ilyra-voss","ko","exported","export-verified","export-only","16","exports/ilyra-voss/unarmed/ko/animation.json","Alternate equipment export; Duel uses the armed character."
"ilyra-voss/unarmed/respawn","fighter","ilyra-voss","respawn","exported","export-verified","export-only","12","exports/ilyra-voss/unarmed/respawn/animation.json","Alternate equipment export; Duel uses the armed character."
"ilyra-voss/unarmed/victory","fighter","ilyra-voss","victory","exported","export-verified","export-only","12","exports/ilyra-voss/unarmed/victory/animation.json","Alternate equipment export; Duel uses the armed character."
"ilyra-voss/unarmed/neutral_air","fighter","ilyra-voss","neutral_air","exported","export-verified","export-only","12","exports/ilyra-voss/unarmed/neutral_air/animation.json","Alternate equipment export; Duel uses the armed character."
"ilyra-voss/unarmed/back_air","fighter","ilyra-voss","back_air","exported","export-verified","export-only","12","exports/ilyra-voss/unarmed/back_air/animation.json","Alternate equipment export; Duel uses the armed character."
"ilyra-voss/unarmed/up_air","fighter","ilyra-voss","up_air","exported","export-verified","export-only","12","exports/ilyra-voss/unarmed/up_air/animation.json","Alternate equipment export; Duel uses the armed character."
"ilyra-voss/unarmed/down_air","fighter","ilyra-voss","down_air","exported","export-verified","export-only","12","exports/ilyra-voss/unarmed/down_air/animation.json","Alternate equipment export; Duel uses the armed character."
"ilyra-voss/unarmed/up_smash","fighter","ilyra-voss","up_smash","exported","export-verified","export-only","16","exports/ilyra-voss/unarmed/up_smash/animation.json","Alternate equipment export; Duel uses the armed character."
"ilyra-voss/unarmed/down_smash","fighter","ilyra-voss","down_smash","exported","export-verified","export-only","16","exports/ilyra-voss/unarmed/down_smash/animation.json","Alternate equipment export; Duel uses the armed character."
"ilyra-voss/unarmed/throw_back","fighter","ilyra-voss","throw_back","exported","export-verified","export-only","12","exports/ilyra-voss/unarmed/throw_back/animation.json","Alternate equipment export; Duel uses the armed character."
"ilyra-voss/unarmed/throw_up","fighter","ilyra-voss","throw_up","exported","export-verified","export-only","12","exports/ilyra-voss/unarmed/throw_up/animation.json","Alternate equipment export; Duel uses the armed character."
"ilyra-voss/unarmed/throw_down","fighter","ilyra-voss","throw_down","exported","export-verified","export-only","12","exports/ilyra-voss/unarmed/throw_down/animation.json","Alternate equipment export; Duel uses the armed character."
"ilyra-voss/unarmed/cast_forward","fighter","ilyra-voss","cast_forward","exported","export-verified","export-only","12","exports/ilyra-voss/unarmed/cast_forward/animation.json","Alternate equipment export; Duel uses the armed character."
"ilyra-voss/unarmed/cast_up","fighter","ilyra-voss","cast_up","exported","export-verified","export-only","12","exports/ilyra-voss/unarmed/cast_up/animation.json","Alternate equipment export; Duel uses the armed character."
"ilyra-voss/unarmed/cast_down","fighter","ilyra-voss","cast_down","exported","export-verified","export-only","12","exports/ilyra-voss/unarmed/cast_down/animation.json","Alternate equipment export; Duel uses the armed character."
"ilyra-voss/unarmed/cast_diagonal_up","fighter","ilyra-voss","cast_diagonal_up","exported","export-verified","export-only","12","exports/ilyra-voss/unarmed/cast_diagonal_up/animation.json","Alternate equipment export; Duel uses the armed character."
"ilyra-voss/unarmed/cast_diagonal_down","fighter","ilyra-voss","cast_diagonal_down","exported","export-verified","export-only","12","exports/ilyra-voss/unarmed/cast_diagonal_down/animation.json","Alternate equipment export; Duel uses the armed character."
"ilyra-voss/unarmed/pickup","fighter","ilyra-voss","pickup","exported","export-verified","export-only","12","exports/ilyra-voss/unarmed/pickup/animation.json","Alternate equipment export; Duel uses the armed character."
"ilyra-voss/unarmed/taunt","fighter","ilyra-voss","taunt","exported","export-verified","export-only","12","exports/ilyra-voss/unarmed/taunt/animation.json","Alternate equipment export; Duel uses the armed character."
"ilyra-voss/unarmed/idle_ready","fighter","ilyra-voss","idle_ready","exported","export-verified","export-only","12","exports/ilyra-voss/unarmed/idle_ready/animation.json","Alternate equipment export; Duel uses the armed character."
"ilyra-voss/unarmed/duck","fighter","ilyra-voss","duck","exported","export-verified","export-only","12","exports/ilyra-voss/unarmed/duck/animation.json","Alternate equipment export; Duel uses the armed character."
"ilyra-voss/unarmed/crouch_idle","fighter","ilyra-voss","crouch_idle","exported","export-verified","export-only","12","exports/ilyra-voss/unarmed/crouch_idle/animation.json","Alternate equipment export; Duel uses the armed character."
"ilyra-voss/unarmed/crouch_walk","fighter","ilyra-voss","crouch_walk","exported","export-verified","export-only","12","exports/ilyra-voss/unarmed/crouch_walk/animation.json","Alternate equipment export; Duel uses the armed character."
"ilyra-voss/unarmed/hurt_crouch","fighter","ilyra-voss","hurt_crouch","exported","export-verified","export-only","12","exports/ilyra-voss/unarmed/hurt_crouch/animation.json","Alternate equipment export; Duel uses the armed character."
"ilyra-voss/unarmed/hurt_air","fighter","ilyra-voss","hurt_air","exported","export-verified","export-only","12","exports/ilyra-voss/unarmed/hurt_air/animation.json","Alternate equipment export; Duel uses the armed character."
"ilyra-voss/unarmed/hurt_back","fighter","ilyra-voss","hurt_back","exported","export-verified","export-only","12","exports/ilyra-voss/unarmed/hurt_back/animation.json","Alternate equipment export; Duel uses the armed character."
"ilyra-voss/unarmed/shield_hit","fighter","ilyra-voss","shield_hit","exported","export-verified","export-only","12","exports/ilyra-voss/unarmed/shield_hit/animation.json","Alternate equipment export; Duel uses the armed character."
"ilyra-voss/unarmed/shield_break","fighter","ilyra-voss","shield_break","exported","export-verified","export-only","12","exports/ilyra-voss/unarmed/shield_break/animation.json","Alternate equipment export; Duel uses the armed character."
"ilyra-voss/unarmed/stun","fighter","ilyra-voss","stun","exported","export-verified","export-only","12","exports/ilyra-voss/unarmed/stun/animation.json","Alternate equipment export; Duel uses the armed character."
"ilyra-voss/unarmed/frozen","fighter","ilyra-voss","frozen","exported","export-verified","export-only","12","exports/ilyra-voss/unarmed/frozen/animation.json","Alternate equipment export; Duel uses the armed character."
"ilyra-voss/unarmed/burning","fighter","ilyra-voss","burning","exported","export-verified","export-only","12","exports/ilyra-voss/unarmed/burning/animation.json","Alternate equipment export; Duel uses the armed character."
"ilyra-voss/unarmed/grabbed","fighter","ilyra-voss","grabbed","exported","export-verified","export-only","12","exports/ilyra-voss/unarmed/grabbed/animation.json","Alternate equipment export; Duel uses the armed character."
"ilyra-voss/unarmed/ledge_release","fighter","ilyra-voss","ledge_release","exported","export-verified","export-only","12","exports/ilyra-voss/unarmed/ledge_release/animation.json","Alternate equipment export; Duel uses the armed character."
"ilyra-voss/unarmed/defeat","fighter","ilyra-voss","defeat","exported","export-verified","export-only","12","exports/ilyra-voss/unarmed/defeat/animation.json","Alternate equipment export; Duel uses the armed character."
"ilyra-voss/unarmed/stand_up","fighter","ilyra-voss","stand_up","exported","export-verified","export-only","12","exports/ilyra-voss/unarmed/stand_up/animation.json","Alternate equipment export; Duel uses the armed character."
"ilyra-voss/armed/idle","fighter","ilyra-voss","idle","exported","runtime-sampled","integrated","12","exports/ilyra-voss/armed/idle/animation.json","Connected to the existing body state or kit event; see DUO-COMPLETION.md."
"ilyra-voss/armed/run","fighter","ilyra-voss","run","exported","replacement-reviewed","integrated","12","exports/ilyra-voss/armed/run/animation.json","Connected to the existing body state or kit event; see DUO-COMPLETION.md."
"ilyra-voss/armed/jump","fighter","ilyra-voss","jump","exported","runtime-sampled","integrated","12","exports/ilyra-voss/armed/jump/animation.json","Connected to the existing body state or kit event; see DUO-COMPLETION.md."
"ilyra-voss/armed/fall","fighter","ilyra-voss","fall","exported","runtime-sampled","integrated","12","exports/ilyra-voss/armed/fall/animation.json","Connected to the existing body state or kit event; see DUO-COMPLETION.md."
"ilyra-voss/armed/land","fighter","ilyra-voss","land","exported","runtime-sampled","integrated","12","exports/ilyra-voss/armed/land/animation.json","Connected to the existing body state or kit event; see DUO-COMPLETION.md."
"ilyra-voss/armed/opener","fighter","ilyra-voss","opener","exported","runtime-sampled","integrated","12","exports/ilyra-voss/armed/opener/animation.json","Connected to the existing body state or kit event; see DUO-COMPLETION.md."
"ilyra-voss/armed/launcher","fighter","ilyra-voss","launcher","exported","runtime-sampled","integrated","12","exports/ilyra-voss/armed/launcher/animation.json","Connected to the existing body state or kit event; see DUO-COMPLETION.md."
"ilyra-voss/armed/aerial","fighter","ilyra-voss","aerial","exported","runtime-sampled","integrated","12","exports/ilyra-voss/armed/aerial/animation.json","Connected to the existing body state or kit event; see DUO-COMPLETION.md."
"ilyra-voss/armed/finisher","fighter","ilyra-voss","finisher","exported","runtime-sampled","integrated","16","exports/ilyra-voss/armed/finisher/animation.json","Connected to the existing body state or kit event; see DUO-COMPLETION.md."
"ilyra-voss/armed/shield","fighter","ilyra-voss","shield","exported","runtime-sampled","integrated","12","exports/ilyra-voss/armed/shield/animation.json","Connected to the existing body state or kit event; see DUO-COMPLETION.md."
"ilyra-voss/armed/dodge","fighter","ilyra-voss","dodge","exported","runtime-sampled","integrated","16","exports/ilyra-voss/armed/dodge/animation.json","Connected to the existing body state or kit event; see DUO-COMPLETION.md."
"ilyra-voss/armed/grab","fighter","ilyra-voss","grab","exported","runtime-sampled","integrated","12","exports/ilyra-voss/armed/grab/animation.json","Connected to the existing body state or kit event; see DUO-COMPLETION.md."
"ilyra-voss/armed/throw_forward","fighter","ilyra-voss","throw_forward","exported","replacement-reviewed","integrated","12","exports/ilyra-voss/armed/throw_forward/animation.json","Connected to the existing body state or kit event; see DUO-COMPLETION.md."
"ilyra-voss/armed/tactical","fighter","ilyra-voss","tactical","exported","replacement-reviewed","integrated","12","exports/ilyra-voss/armed/tactical/animation.json","Connected to the existing body state or kit event; see DUO-COMPLETION.md."
"ilyra-voss/armed/ultimate","fighter","ilyra-voss","ultimate","exported","replacement-reviewed","integrated","12","exports/ilyra-voss/armed/ultimate/animation.json","Connected to the existing body state or kit event; see DUO-COMPLETION.md."
"ilyra-voss/armed/walk","fighter","ilyra-voss","walk","exported","replacement-reviewed","integrated","12","exports/ilyra-voss/armed/walk/animation.json","Connected to the existing body state or kit event; see DUO-COMPLETION.md."
"ilyra-voss/armed/dash","fighter","ilyra-voss","dash","exported","runtime-sampled","integrated","12","exports/ilyra-voss/armed/dash/animation.json","Connected to the existing body state or kit event; see DUO-COMPLETION.md."
"ilyra-voss/armed/brake","fighter","ilyra-voss","brake","exported","runtime-sampled","integrated","12","exports/ilyra-voss/armed/brake/animation.json","Connected to the existing body state or kit event; see DUO-COMPLETION.md."
"ilyra-voss/armed/double_jump","fighter","ilyra-voss","double_jump","exported","runtime-sampled","integrated","12","exports/ilyra-voss/armed/double_jump/animation.json","Connected to the existing body state or kit event; see DUO-COMPLETION.md."
"ilyra-voss/armed/fast_fall","fighter","ilyra-voss","fast_fall","exported","runtime-sampled","integrated","12","exports/ilyra-voss/armed/fast_fall/animation.json","Connected to the existing body state or kit event; see DUO-COMPLETION.md."
"ilyra-voss/armed/air_dodge","fighter","ilyra-voss","air_dodge","exported","runtime-sampled","integrated","12","exports/ilyra-voss/armed/air_dodge/animation.json","Connected to the existing body state or kit event; see DUO-COMPLETION.md."
"ilyra-voss/armed/recovery","fighter","ilyra-voss","recovery","exported","runtime-sampled","integrated","16","exports/ilyra-voss/armed/recovery/animation.json","Connected to the existing body state or kit event; see DUO-COMPLETION.md."
"ilyra-voss/armed/wall_cling","fighter","ilyra-voss","wall_cling","exported","runtime-sampled","integrated","12","exports/ilyra-voss/armed/wall_cling/animation.json","Connected to the existing body state or kit event; see DUO-COMPLETION.md."
"ilyra-voss/armed/ledge_hang","fighter","ilyra-voss","ledge_hang","exported","runtime-sampled","integrated","12","exports/ilyra-voss/armed/ledge_hang/animation.json","Connected to the existing body state or kit event; see DUO-COMPLETION.md."
"ilyra-voss/armed/ledge_climb","fighter","ilyra-voss","ledge_climb","exported","runtime-sampled","integrated","16","exports/ilyra-voss/armed/ledge_climb/animation.json","Connected to the existing body state or kit event; see DUO-COMPLETION.md."
"ilyra-voss/armed/hurt","fighter","ilyra-voss","hurt","exported","runtime-sampled","integrated","12","exports/ilyra-voss/armed/hurt/animation.json","Connected to the existing body state or kit event; see DUO-COMPLETION.md."
"ilyra-voss/armed/tumble","fighter","ilyra-voss","tumble","exported","replacement-reviewed","integrated","12","exports/ilyra-voss/armed/tumble/animation.json","Connected to the existing body state or kit event; see DUO-COMPLETION.md."
"ilyra-voss/armed/get_up","fighter","ilyra-voss","get_up","exported","runtime-sampled","integrated","12","exports/ilyra-voss/armed/get_up/animation.json","Connected to the existing body state or kit event; see DUO-COMPLETION.md."
"ilyra-voss/armed/ko","fighter","ilyra-voss","ko","exported","runtime-sampled","integrated","16","exports/ilyra-voss/armed/ko/animation.json","Connected to the existing body state or kit event; see DUO-COMPLETION.md."
"ilyra-voss/armed/respawn","fighter","ilyra-voss","respawn","exported","runtime-sampled","integrated","12","exports/ilyra-voss/armed/respawn/animation.json","Connected to the existing body state or kit event; see DUO-COMPLETION.md."
"ilyra-voss/armed/victory","fighter","ilyra-voss","victory","exported","runtime-sampled","integrated","12","exports/ilyra-voss/armed/victory/animation.json","Connected to the existing body state or kit event; see DUO-COMPLETION.md."
"ilyra-voss/armed/neutral_air","fighter","ilyra-voss","neutral_air","exported","runtime-sampled","integrated","12","exports/ilyra-voss/armed/neutral_air/animation.json","Connected to the existing body state or kit event; see DUO-COMPLETION.md."
"ilyra-voss/armed/back_air","fighter","ilyra-voss","back_air","exported","runtime-sampled","integrated","12","exports/ilyra-voss/armed/back_air/animation.json","Connected to the existing body state or kit event; see DUO-COMPLETION.md."
"ilyra-voss/armed/up_air","fighter","ilyra-voss","up_air","exported","runtime-sampled","integrated","12","exports/ilyra-voss/armed/up_air/animation.json","Connected to the existing body state or kit event; see DUO-COMPLETION.md."
"ilyra-voss/armed/down_air","fighter","ilyra-voss","down_air","exported","runtime-sampled","integrated","12","exports/ilyra-voss/armed/down_air/animation.json","Connected to the existing body state or kit event; see DUO-COMPLETION.md."
"ilyra-voss/armed/up_smash","fighter","ilyra-voss","up_smash","exported","replacement-reviewed","integrated","12","exports/ilyra-voss/armed/up_smash/animation.json","Connected to the existing body state or kit event; see DUO-COMPLETION.md."
"ilyra-voss/armed/down_smash","fighter","ilyra-voss","down_smash","exported","runtime-sampled","integrated","16","exports/ilyra-voss/armed/down_smash/animation.json","Connected to the existing body state or kit event; see DUO-COMPLETION.md."
"ilyra-voss/armed/throw_back","fighter","ilyra-voss","throw_back","exported","runtime-sampled","integrated","12","exports/ilyra-voss/armed/throw_back/animation.json","Connected to the existing body state or kit event; see DUO-COMPLETION.md."
"ilyra-voss/armed/throw_up","fighter","ilyra-voss","throw_up","exported","runtime-sampled","integrated","12","exports/ilyra-voss/armed/throw_up/animation.json","Connected to the existing body state or kit event; see DUO-COMPLETION.md."
"ilyra-voss/armed/throw_down","fighter","ilyra-voss","throw_down","exported","runtime-sampled","integrated","12","exports/ilyra-voss/armed/throw_down/animation.json","Connected to the existing body state or kit event; see DUO-COMPLETION.md."
"ilyra-voss/armed/cast_forward","fighter","ilyra-voss","cast_forward","exported","runtime-sampled","integrated","12","exports/ilyra-voss/armed/cast_forward/animation.json","Connected to the existing body state or kit event; see DUO-COMPLETION.md."
"ilyra-voss/armed/cast_up","fighter","ilyra-voss","cast_up","exported","runtime-sampled","integrated","12","exports/ilyra-voss/armed/cast_up/animation.json","Connected to the existing body state or kit event; see DUO-COMPLETION.md."
"ilyra-voss/armed/cast_down","fighter","ilyra-voss","cast_down","exported","runtime-sampled","integrated","12","exports/ilyra-voss/armed/cast_down/animation.json","Connected to the existing body state or kit event; see DUO-COMPLETION.md."
"ilyra-voss/armed/cast_diagonal_up","fighter","ilyra-voss","cast_diagonal_up","exported","runtime-sampled","integrated","12","exports/ilyra-voss/armed/cast_diagonal_up/animation.json","Connected to the existing body state or kit event; see DUO-COMPLETION.md."
"ilyra-voss/armed/cast_diagonal_down","fighter","ilyra-voss","cast_diagonal_down","exported","runtime-sampled","integrated","12","exports/ilyra-voss/armed/cast_diagonal_down/animation.json","Connected to the existing body state or kit event; see DUO-COMPLETION.md."
"ilyra-voss/armed/pickup","fighter","ilyra-voss","pickup","exported","runtime-sampled","integrated","12","exports/ilyra-voss/armed/pickup/animation.json","Connected to the existing body state or kit event; see DUO-COMPLETION.md."
"ilyra-voss/armed/taunt","fighter","ilyra-voss","taunt","exported","runtime-sampled","integrated","12","exports/ilyra-voss/armed/taunt/animation.json","Connected to the existing body state or kit event; see DUO-COMPLETION.md."
"ilyra-voss/armed/idle_ready","fighter","ilyra-voss","idle_ready","exported","runtime-sampled","integrated","12","exports/ilyra-voss/armed/idle_ready/animation.json","Connected to the existing body state or kit event; see DUO-COMPLETION.md."
"ilyra-voss/armed/duck","fighter","ilyra-voss","duck","exported","runtime-sampled","integrated","12","exports/ilyra-voss/armed/duck/animation.json","Connected to the existing body state or kit event; see DUO-COMPLETION.md."
"ilyra-voss/armed/crouch_idle","fighter","ilyra-voss","crouch_idle","exported","runtime-sampled","integrated","12","exports/ilyra-voss/armed/crouch_idle/animation.json","Connected to the existing body state or kit event; see DUO-COMPLETION.md."
"ilyra-voss/armed/crouch_walk","fighter","ilyra-voss","crouch_walk","exported","runtime-sampled","integrated","12","exports/ilyra-voss/armed/crouch_walk/animation.json","Connected to the existing body state or kit event; see DUO-COMPLETION.md."
"ilyra-voss/armed/hurt_crouch","fighter","ilyra-voss","hurt_crouch","exported","runtime-sampled","integrated","12","exports/ilyra-voss/armed/hurt_crouch/animation.json","Connected to the existing body state or kit event; see DUO-COMPLETION.md."
"ilyra-voss/armed/hurt_air","fighter","ilyra-voss","hurt_air","exported","runtime-sampled","integrated","12","exports/ilyra-voss/armed/hurt_air/animation.json","Connected to the existing body state or kit event; see DUO-COMPLETION.md."
"ilyra-voss/armed/hurt_back","fighter","ilyra-voss","hurt_back","exported","runtime-sampled","integrated","12","exports/ilyra-voss/armed/hurt_back/animation.json","Connected to the existing body state or kit event; see DUO-COMPLETION.md."
"ilyra-voss/armed/shield_hit","fighter","ilyra-voss","shield_hit","exported","runtime-sampled","integrated","12","exports/ilyra-voss/armed/shield_hit/animation.json","Connected to the existing body state or kit event; see DUO-COMPLETION.md."
"ilyra-voss/armed/shield_break","fighter","ilyra-voss","shield_break","exported","runtime-sampled","integrated","12","exports/ilyra-voss/armed/shield_break/animation.json","Connected to the existing body state or kit event; see DUO-COMPLETION.md."
"ilyra-voss/armed/stun","fighter","ilyra-voss","stun","exported","runtime-sampled","integrated","12","exports/ilyra-voss/armed/stun/animation.json","Connected to the existing body state or kit event; see DUO-COMPLETION.md."
"ilyra-voss/armed/frozen","fighter","ilyra-voss","frozen","exported","runtime-sampled","integrated","12","exports/ilyra-voss/armed/frozen/animation.json","Connected to the existing body state or kit event; see DUO-COMPLETION.md."
"ilyra-voss/armed/burning","fighter","ilyra-voss","burning","exported","runtime-sampled","integrated","12","exports/ilyra-voss/armed/burning/animation.json","Connected to the existing body state or kit event; see DUO-COMPLETION.md."
"ilyra-voss/armed/grabbed","fighter","ilyra-voss","grabbed","exported","runtime-sampled","integrated","12","exports/ilyra-voss/armed/grabbed/animation.json","Connected to the existing body state or kit event; see DUO-COMPLETION.md."
"ilyra-voss/armed/ledge_release","fighter","ilyra-voss","ledge_release","exported","runtime-sampled","integrated","12","exports/ilyra-voss/armed/ledge_release/animation.json","Connected to the existing body state or kit event; see DUO-COMPLETION.md."
"ilyra-voss/armed/defeat","fighter","ilyra-voss","defeat","exported","runtime-sampled","integrated","12","exports/ilyra-voss/armed/defeat/animation.json","Connected to the existing body state or kit event; see DUO-COMPLETION.md."
"ilyra-voss/armed/stand_up","fighter","ilyra-voss","stand_up","exported","runtime-sampled","integrated","12","exports/ilyra-voss/armed/stand_up/animation.json","Connected to the existing body state or kit event; see DUO-COMPLETION.md."
"brann-rook/unarmed/idle","fighter","brann-rook","idle","exported","export-verified","export-only","12","exports/brann-rook/unarmed/idle/animation.json","Alternate equipment export; Duel uses the armed character."
"brann-rook/unarmed/run","fighter","brann-rook","run","exported","export-verified","export-only","12","exports/brann-rook/unarmed/run/animation.json","Alternate equipment export; Duel uses the armed character."
"brann-rook/unarmed/jump","fighter","brann-rook","jump","exported","export-verified","export-only","12","exports/brann-rook/unarmed/jump/animation.json","Alternate equipment export; Duel uses the armed character."
"brann-rook/unarmed/fall","fighter","brann-rook","fall","exported","export-verified","export-only","12","exports/brann-rook/unarmed/fall/animation.json","Alternate equipment export; Duel uses the armed character."
"brann-rook/unarmed/land","fighter","brann-rook","land","exported","export-verified","export-only","12","exports/brann-rook/unarmed/land/animation.json","Alternate equipment export; Duel uses the armed character."
"brann-rook/unarmed/opener","fighter","brann-rook","opener","exported","export-verified","export-only","12","exports/brann-rook/unarmed/opener/animation.json","Alternate equipment export; Duel uses the armed character."
"brann-rook/unarmed/launcher","fighter","brann-rook","launcher","exported","export-verified","export-only","12","exports/brann-rook/unarmed/launcher/animation.json","Alternate equipment export; Duel uses the armed character."
"brann-rook/unarmed/aerial","fighter","brann-rook","aerial","exported","export-verified","export-only","12","exports/brann-rook/unarmed/aerial/animation.json","Alternate equipment export; Duel uses the armed character."
"brann-rook/unarmed/finisher","fighter","brann-rook","finisher","exported","export-verified","export-only","12","exports/brann-rook/unarmed/finisher/animation.json","Alternate equipment export; Duel uses the armed character."
"brann-rook/unarmed/shield","fighter","brann-rook","shield","exported","export-verified","export-only","12","exports/brann-rook/unarmed/shield/animation.json","Alternate equipment export; Duel uses the armed character."
"brann-rook/unarmed/dodge","fighter","brann-rook","dodge","exported","export-verified","export-only","12","exports/brann-rook/unarmed/dodge/animation.json","Alternate equipment export; Duel uses the armed character."
"brann-rook/unarmed/grab","fighter","brann-rook","grab","exported","export-verified","export-only","12","exports/brann-rook/unarmed/grab/animation.json","Alternate equipment export; Duel uses the armed character."
"brann-rook/unarmed/throw_forward","fighter","brann-rook","throw_forward","exported","export-verified","export-only","12","exports/brann-rook/unarmed/throw_forward/animation.json","Alternate equipment export; Duel uses the armed character."
"brann-rook/unarmed/tactical","fighter","brann-rook","tactical","exported","export-verified","export-only","12","exports/brann-rook/unarmed/tactical/animation.json","Alternate equipment export; Duel uses the armed character."
"brann-rook/unarmed/ultimate","fighter","brann-rook","ultimate","exported","export-verified","export-only","12","exports/brann-rook/unarmed/ultimate/animation.json","Alternate equipment export; Duel uses the armed character."
"brann-rook/unarmed/walk","fighter","brann-rook","walk","exported","export-verified","export-only","12","exports/brann-rook/unarmed/walk/animation.json","Alternate equipment export; Duel uses the armed character."
"brann-rook/unarmed/dash","fighter","brann-rook","dash","exported","export-verified","export-only","12","exports/brann-rook/unarmed/dash/animation.json","Alternate equipment export; Duel uses the armed character."
"brann-rook/unarmed/brake","fighter","brann-rook","brake","exported","export-verified","export-only","12","exports/brann-rook/unarmed/brake/animation.json","Alternate equipment export; Duel uses the armed character."
"brann-rook/unarmed/double_jump","fighter","brann-rook","double_jump","exported","export-verified","export-only","12","exports/brann-rook/unarmed/double_jump/animation.json","Alternate equipment export; Duel uses the armed character."
"brann-rook/unarmed/fast_fall","fighter","brann-rook","fast_fall","exported","export-verified","export-only","12","exports/brann-rook/unarmed/fast_fall/animation.json","Alternate equipment export; Duel uses the armed character."
"brann-rook/unarmed/air_dodge","fighter","brann-rook","air_dodge","exported","export-verified","export-only","12","exports/brann-rook/unarmed/air_dodge/animation.json","Alternate equipment export; Duel uses the armed character."
"brann-rook/unarmed/recovery","fighter","brann-rook","recovery","exported","export-verified","export-only","12","exports/brann-rook/unarmed/recovery/animation.json","Alternate equipment export; Duel uses the armed character."
"brann-rook/unarmed/wall_cling","fighter","brann-rook","wall_cling","exported","export-verified","export-only","12","exports/brann-rook/unarmed/wall_cling/animation.json","Alternate equipment export; Duel uses the armed character."
"brann-rook/unarmed/ledge_hang","fighter","brann-rook","ledge_hang","exported","export-verified","export-only","12","exports/brann-rook/unarmed/ledge_hang/animation.json","Alternate equipment export; Duel uses the armed character."
"brann-rook/unarmed/ledge_climb","fighter","brann-rook","ledge_climb","exported","export-verified","export-only","12","exports/brann-rook/unarmed/ledge_climb/animation.json","Alternate equipment export; Duel uses the armed character."
"brann-rook/unarmed/hurt","fighter","brann-rook","hurt","exported","export-verified","export-only","12","exports/brann-rook/unarmed/hurt/animation.json","Alternate equipment export; Duel uses the armed character."
"brann-rook/unarmed/tumble","fighter","brann-rook","tumble","exported","replacement-reviewed","export-only","12","exports/brann-rook/unarmed/tumble/animation.json","Alternate equipment export; Duel uses the armed character."
"brann-rook/unarmed/get_up","fighter","brann-rook","get_up","exported","export-verified","export-only","12","exports/brann-rook/unarmed/get_up/animation.json","Alternate equipment export; Duel uses the armed character."
"brann-rook/unarmed/ko","fighter","brann-rook","ko","exported","export-verified","export-only","12","exports/brann-rook/unarmed/ko/animation.json","Alternate equipment export; Duel uses the armed character."
"brann-rook/unarmed/respawn","fighter","brann-rook","respawn","exported","export-verified","export-only","12","exports/brann-rook/unarmed/respawn/animation.json","Alternate equipment export; Duel uses the armed character."
"brann-rook/unarmed/victory","fighter","brann-rook","victory","exported","export-verified","export-only","12","exports/brann-rook/unarmed/victory/animation.json","Alternate equipment export; Duel uses the armed character."
"brann-rook/unarmed/neutral_air","fighter","brann-rook","neutral_air","exported","export-verified","export-only","12","exports/brann-rook/unarmed/neutral_air/animation.json","Alternate equipment export; Duel uses the armed character."
"brann-rook/unarmed/back_air","fighter","brann-rook","back_air","exported","export-verified","export-only","12","exports/brann-rook/unarmed/back_air/animation.json","Alternate equipment export; Duel uses the armed character."
"brann-rook/unarmed/up_air","fighter","brann-rook","up_air","exported","export-verified","export-only","12","exports/brann-rook/unarmed/up_air/animation.json","Alternate equipment export; Duel uses the armed character."
"brann-rook/unarmed/down_air","fighter","brann-rook","down_air","exported","export-verified","export-only","12","exports/brann-rook/unarmed/down_air/animation.json","Alternate equipment export; Duel uses the armed character."
"brann-rook/unarmed/up_smash","fighter","brann-rook","up_smash","exported","export-verified","export-only","12","exports/brann-rook/unarmed/up_smash/animation.json","Alternate equipment export; Duel uses the armed character."
"brann-rook/unarmed/down_smash","fighter","brann-rook","down_smash","exported","export-verified","export-only","12","exports/brann-rook/unarmed/down_smash/animation.json","Alternate equipment export; Duel uses the armed character."
"brann-rook/unarmed/throw_back","fighter","brann-rook","throw_back","exported","export-verified","export-only","12","exports/brann-rook/unarmed/throw_back/animation.json","Alternate equipment export; Duel uses the armed character."
"brann-rook/unarmed/throw_up","fighter","brann-rook","throw_up","exported","export-verified","export-only","12","exports/brann-rook/unarmed/throw_up/animation.json","Alternate equipment export; Duel uses the armed character."
"brann-rook/unarmed/throw_down","fighter","brann-rook","throw_down","exported","export-verified","export-only","12","exports/brann-rook/unarmed/throw_down/animation.json","Alternate equipment export; Duel uses the armed character."
"brann-rook/unarmed/cast_forward","fighter","brann-rook","cast_forward","exported","export-verified","export-only","12","exports/brann-rook/unarmed/cast_forward/animation.json","Alternate equipment export; Duel uses the armed character."
"brann-rook/unarmed/cast_up","fighter","brann-rook","cast_up","exported","export-verified","export-only","12","exports/brann-rook/unarmed/cast_up/animation.json","Alternate equipment export; Duel uses the armed character."
"brann-rook/unarmed/cast_down","fighter","brann-rook","cast_down","exported","export-verified","export-only","12","exports/brann-rook/unarmed/cast_down/animation.json","Alternate equipment export; Duel uses the armed character."
"brann-rook/unarmed/cast_diagonal_up","fighter","brann-rook","cast_diagonal_up","exported","export-verified","export-only","12","exports/brann-rook/unarmed/cast_diagonal_up/animation.json","Alternate equipment export; Duel uses the armed character."
"brann-rook/unarmed/cast_diagonal_down","fighter","brann-rook","cast_diagonal_down","exported","export-verified","export-only","12","exports/brann-rook/unarmed/cast_diagonal_down/animation.json","Alternate equipment export; Duel uses the armed character."
"brann-rook/unarmed/pickup","fighter","brann-rook","pickup","exported","export-verified","export-only","12","exports/brann-rook/unarmed/pickup/animation.json","Alternate equipment export; Duel uses the armed character."
"brann-rook/unarmed/taunt","fighter","brann-rook","taunt","exported","export-verified","export-only","12","exports/brann-rook/unarmed/taunt/animation.json","Alternate equipment export; Duel uses the armed character. Detached component report reviewed: gesture marks or shield impact fragments, not a joined/missing body."
"brann-rook/unarmed/idle_ready","fighter","brann-rook","idle_ready","exported","export-verified","export-only","12","exports/brann-rook/unarmed/idle_ready/animation.json","Alternate equipment export; Duel uses the armed character."
"brann-rook/unarmed/duck","fighter","brann-rook","duck","exported","export-verified","export-only","12","exports/brann-rook/unarmed/duck/animation.json","Alternate equipment export; Duel uses the armed character."
"brann-rook/unarmed/crouch_idle","fighter","brann-rook","crouch_idle","exported","export-verified","export-only","12","exports/brann-rook/unarmed/crouch_idle/animation.json","Alternate equipment export; Duel uses the armed character."
"brann-rook/unarmed/crouch_walk","fighter","brann-rook","crouch_walk","exported","export-verified","export-only","12","exports/brann-rook/unarmed/crouch_walk/animation.json","Alternate equipment export; Duel uses the armed character."
"brann-rook/unarmed/hurt_crouch","fighter","brann-rook","hurt_crouch","exported","export-verified","export-only","12","exports/brann-rook/unarmed/hurt_crouch/animation.json","Alternate equipment export; Duel uses the armed character."
"brann-rook/unarmed/hurt_air","fighter","brann-rook","hurt_air","exported","export-verified","export-only","12","exports/brann-rook/unarmed/hurt_air/animation.json","Alternate equipment export; Duel uses the armed character."
"brann-rook/unarmed/hurt_back","fighter","brann-rook","hurt_back","exported","export-verified","export-only","12","exports/brann-rook/unarmed/hurt_back/animation.json","Alternate equipment export; Duel uses the armed character."
"brann-rook/unarmed/shield_hit","fighter","brann-rook","shield_hit","exported","export-verified","export-only","12","exports/brann-rook/unarmed/shield_hit/animation.json","Alternate equipment export; Duel uses the armed character."
"brann-rook/unarmed/shield_break","fighter","brann-rook","shield_break","exported","export-verified","export-only","12","exports/brann-rook/unarmed/shield_break/animation.json","Alternate equipment export; Duel uses the armed character. Detached component report reviewed: gesture marks or shield impact fragments, not a joined/missing body."
"brann-rook/unarmed/stun","fighter","brann-rook","stun","exported","export-verified","export-only","12","exports/brann-rook/unarmed/stun/animation.json","Alternate equipment export; Duel uses the armed character."
"brann-rook/unarmed/frozen","fighter","brann-rook","frozen","exported","export-verified","export-only","12","exports/brann-rook/unarmed/frozen/animation.json","Alternate equipment export; Duel uses the armed character."
"brann-rook/unarmed/burning","fighter","brann-rook","burning","exported","export-verified","export-only","12","exports/brann-rook/unarmed/burning/animation.json","Alternate equipment export; Duel uses the armed character."
"brann-rook/unarmed/grabbed","fighter","brann-rook","grabbed","exported","export-verified","export-only","12","exports/brann-rook/unarmed/grabbed/animation.json","Alternate equipment export; Duel uses the armed character."
"brann-rook/unarmed/ledge_release","fighter","brann-rook","ledge_release","exported","export-verified","export-only","12","exports/brann-rook/unarmed/ledge_release/animation.json","Alternate equipment export; Duel uses the armed character."
"brann-rook/unarmed/defeat","fighter","brann-rook","defeat","exported","export-verified","export-only","12","exports/brann-rook/unarmed/defeat/animation.json","Alternate equipment export; Duel uses the armed character."
"brann-rook/unarmed/stand_up","fighter","brann-rook","stand_up","exported","export-verified","export-only","12","exports/brann-rook/unarmed/stand_up/animation.json","Alternate equipment export; Duel uses the armed character."
"brann-rook/armed/idle","fighter","brann-rook","idle","exported","runtime-sampled","integrated","12","exports/brann-rook/armed/idle/animation.json","Connected to the existing body state or kit event; see DUO-COMPLETION.md."
"brann-rook/armed/run","fighter","brann-rook","run","exported","runtime-sampled","integrated","12","exports/brann-rook/armed/run/animation.json","Connected to the existing body state or kit event; see DUO-COMPLETION.md."
"brann-rook/armed/jump","fighter","brann-rook","jump","exported","runtime-sampled","integrated","12","exports/brann-rook/armed/jump/animation.json","Connected to the existing body state or kit event; see DUO-COMPLETION.md."
"brann-rook/armed/fall","fighter","brann-rook","fall","exported","runtime-sampled","integrated","12","exports/brann-rook/armed/fall/animation.json","Connected to the existing body state or kit event; see DUO-COMPLETION.md."
"brann-rook/armed/land","fighter","brann-rook","land","exported","runtime-sampled","integrated","12","exports/brann-rook/armed/land/animation.json","Connected to the existing body state or kit event; see DUO-COMPLETION.md."
"brann-rook/armed/opener","fighter","brann-rook","opener","exported","runtime-sampled","integrated","12","exports/brann-rook/armed/opener/animation.json","Connected to the existing body state or kit event; see DUO-COMPLETION.md."
"brann-rook/armed/launcher","fighter","brann-rook","launcher","exported","runtime-sampled","integrated","12","exports/brann-rook/armed/launcher/animation.json","Connected to the existing body state or kit event; see DUO-COMPLETION.md."
"brann-rook/armed/aerial","fighter","brann-rook","aerial","exported","runtime-sampled","integrated","12","exports/brann-rook/armed/aerial/animation.json","Connected to the existing body state or kit event; see DUO-COMPLETION.md."
"brann-rook/armed/finisher","fighter","brann-rook","finisher","exported","runtime-sampled","integrated","16","exports/brann-rook/armed/finisher/animation.json","Connected to the existing body state or kit event; see DUO-COMPLETION.md."
"brann-rook/armed/shield","fighter","brann-rook","shield","exported","runtime-sampled","integrated","12","exports/brann-rook/armed/shield/animation.json","Connected to the existing body state or kit event; see DUO-COMPLETION.md."
"brann-rook/armed/dodge","fighter","brann-rook","dodge","exported","runtime-sampled","integrated","12","exports/brann-rook/armed/dodge/animation.json","Connected to the existing body state or kit event; see DUO-COMPLETION.md."
"brann-rook/armed/grab","fighter","brann-rook","grab","exported","runtime-sampled","integrated","12","exports/brann-rook/armed/grab/animation.json","Connected to the existing body state or kit event; see DUO-COMPLETION.md."
"brann-rook/armed/throw_forward","fighter","brann-rook","throw_forward","exported","runtime-sampled","integrated","12","exports/brann-rook/armed/throw_forward/animation.json","Connected to the existing body state or kit event; see DUO-COMPLETION.md."
"brann-rook/armed/tactical","fighter","brann-rook","tactical","exported","runtime-sampled","integrated","12","exports/brann-rook/armed/tactical/animation.json","Connected to the existing body state or kit event; see DUO-COMPLETION.md."
"brann-rook/armed/ultimate","fighter","brann-rook","ultimate","exported","runtime-sampled","integrated","12","exports/brann-rook/armed/ultimate/animation.json","Connected to the existing body state or kit event; see DUO-COMPLETION.md."
"brann-rook/armed/walk","fighter","brann-rook","walk","exported","runtime-sampled","integrated","12","exports/brann-rook/armed/walk/animation.json","Connected to the existing body state or kit event; see DUO-COMPLETION.md."
"brann-rook/armed/dash","fighter","brann-rook","dash","exported","runtime-sampled","integrated","12","exports/brann-rook/armed/dash/animation.json","Connected to the existing body state or kit event; see DUO-COMPLETION.md."
"brann-rook/armed/brake","fighter","brann-rook","brake","exported","runtime-sampled","integrated","12","exports/brann-rook/armed/brake/animation.json","Connected to the existing body state or kit event; see DUO-COMPLETION.md."
"brann-rook/armed/double_jump","fighter","brann-rook","double_jump","exported","runtime-sampled","integrated","12","exports/brann-rook/armed/double_jump/animation.json","Connected to the existing body state or kit event; see DUO-COMPLETION.md."
"brann-rook/armed/fast_fall","fighter","brann-rook","fast_fall","exported","runtime-sampled","integrated","12","exports/brann-rook/armed/fast_fall/animation.json","Connected to the existing body state or kit event; see DUO-COMPLETION.md."
"brann-rook/armed/air_dodge","fighter","brann-rook","air_dodge","exported","runtime-sampled","integrated","12","exports/brann-rook/armed/air_dodge/animation.json","Connected to the existing body state or kit event; see DUO-COMPLETION.md."
"brann-rook/armed/recovery","fighter","brann-rook","recovery","exported","runtime-sampled","integrated","12","exports/brann-rook/armed/recovery/animation.json","Connected to the existing body state or kit event; see DUO-COMPLETION.md."
"brann-rook/armed/wall_cling","fighter","brann-rook","wall_cling","exported","runtime-sampled","integrated","12","exports/brann-rook/armed/wall_cling/animation.json","Connected to the existing body state or kit event; see DUO-COMPLETION.md."
"brann-rook/armed/ledge_hang","fighter","brann-rook","ledge_hang","exported","runtime-sampled","integrated","12","exports/brann-rook/armed/ledge_hang/animation.json","Connected to the existing body state or kit event; see DUO-COMPLETION.md."
"brann-rook/armed/ledge_climb","fighter","brann-rook","ledge_climb","exported","runtime-sampled","integrated","12","exports/brann-rook/armed/ledge_climb/animation.json","Connected to the existing body state or kit event; see DUO-COMPLETION.md."
"brann-rook/armed/hurt","fighter","brann-rook","hurt","exported","runtime-sampled","integrated","12","exports/brann-rook/armed/hurt/animation.json","Connected to the existing body state or kit event; see DUO-COMPLETION.md."
"brann-rook/armed/tumble","fighter","brann-rook","tumble","exported","replacement-reviewed","integrated","12","exports/brann-rook/armed/tumble/animation.json","Connected to the existing body state or kit event; see DUO-COMPLETION.md."
"brann-rook/armed/get_up","fighter","brann-rook","get_up","exported","runtime-sampled","integrated","12","exports/brann-rook/armed/get_up/animation.json","Connected to the existing body state or kit event; see DUO-COMPLETION.md."
"brann-rook/armed/ko","fighter","brann-rook","ko","exported","runtime-sampled","integrated","12","exports/brann-rook/armed/ko/animation.json","Connected to the existing body state or kit event; see DUO-COMPLETION.md."
"brann-rook/armed/respawn","fighter","brann-rook","respawn","exported","runtime-sampled","integrated","12","exports/brann-rook/armed/respawn/animation.json","Connected to the existing body state or kit event; see DUO-COMPLETION.md."
"brann-rook/armed/victory","fighter","brann-rook","victory","exported","runtime-sampled","integrated","12","exports/brann-rook/armed/victory/animation.json","Connected to the existing body state or kit event; see DUO-COMPLETION.md."
"brann-rook/armed/neutral_air","fighter","brann-rook","neutral_air","exported","runtime-sampled","integrated","12","exports/brann-rook/armed/neutral_air/animation.json","Connected to the existing body state or kit event; see DUO-COMPLETION.md."
"brann-rook/armed/back_air","fighter","brann-rook","back_air","exported","runtime-sampled","integrated","12","exports/brann-rook/armed/back_air/animation.json","Connected to the existing body state or kit event; see DUO-COMPLETION.md."
"brann-rook/armed/up_air","fighter","brann-rook","up_air","exported","runtime-sampled","integrated","12","exports/brann-rook/armed/up_air/animation.json","Connected to the existing body state or kit event; see DUO-COMPLETION.md."
"brann-rook/armed/down_air","fighter","brann-rook","down_air","exported","runtime-sampled","integrated","12","exports/brann-rook/armed/down_air/animation.json","Connected to the existing body state or kit event; see DUO-COMPLETION.md."
"brann-rook/armed/up_smash","fighter","brann-rook","up_smash","exported","runtime-sampled","integrated","12","exports/brann-rook/armed/up_smash/animation.json","Connected to the existing body state or kit event; see DUO-COMPLETION.md."
"brann-rook/armed/down_smash","fighter","brann-rook","down_smash","exported","runtime-sampled","integrated","12","exports/brann-rook/armed/down_smash/animation.json","Connected to the existing body state or kit event; see DUO-COMPLETION.md."
"brann-rook/armed/throw_back","fighter","brann-rook","throw_back","exported","runtime-sampled","integrated","12","exports/brann-rook/armed/throw_back/animation.json","Connected to the existing body state or kit event; see DUO-COMPLETION.md."
"brann-rook/armed/throw_up","fighter","brann-rook","throw_up","exported","runtime-sampled","integrated","12","exports/brann-rook/armed/throw_up/animation.json","Connected to the existing body state or kit event; see DUO-COMPLETION.md."
"brann-rook/armed/throw_down","fighter","brann-rook","throw_down","exported","runtime-sampled","integrated","12","exports/brann-rook/armed/throw_down/animation.json","Connected to the existing body state or kit event; see DUO-COMPLETION.md."
"brann-rook/armed/cast_forward","fighter","brann-rook","cast_forward","exported","runtime-sampled","integrated","12","exports/brann-rook/armed/cast_forward/animation.json","Connected to the existing body state or kit event; see DUO-COMPLETION.md."
"brann-rook/armed/cast_up","fighter","brann-rook","cast_up","exported","runtime-sampled","integrated","12","exports/brann-rook/armed/cast_up/animation.json","Connected to the existing body state or kit event; see DUO-COMPLETION.md."
"brann-rook/armed/cast_down","fighter","brann-rook","cast_down","exported","runtime-sampled","integrated","12","exports/brann-rook/armed/cast_down/animation.json","Connected to the existing body state or kit event; see DUO-COMPLETION.md."
"brann-rook/armed/cast_diagonal_up","fighter","brann-rook","cast_diagonal_up","exported","runtime-sampled","integrated","12","exports/brann-rook/armed/cast_diagonal_up/animation.json","Connected to the existing body state or kit event; see DUO-COMPLETION.md."
"brann-rook/armed/cast_diagonal_down","fighter","brann-rook","cast_diagonal_down","exported","runtime-sampled","integrated","12","exports/brann-rook/armed/cast_diagonal_down/animation.json","Connected to the existing body state or kit event; see DUO-COMPLETION.md."
"brann-rook/armed/pickup","fighter","brann-rook","pickup","exported","runtime-sampled","integrated","12","exports/brann-rook/armed/pickup/animation.json","Connected to the existing body state or kit event; see DUO-COMPLETION.md."
"brann-rook/armed/taunt","fighter","brann-rook","taunt","exported","runtime-sampled","integrated","12","exports/brann-rook/armed/taunt/animation.json","Connected to the existing body state or kit event; see DUO-COMPLETION.md."
"brann-rook/armed/idle_ready","fighter","brann-rook","idle_ready","exported","runtime-sampled","integrated","12","exports/brann-rook/armed/idle_ready/animation.json","Connected to the existing body state or kit event; see DUO-COMPLETION.md."
"brann-rook/armed/duck","fighter","brann-rook","duck","exported","runtime-sampled","integrated","12","exports/brann-rook/armed/duck/animation.json","Connected to the existing body state or kit event; see DUO-COMPLETION.md."
"brann-rook/armed/crouch_idle","fighter","brann-rook","crouch_idle","exported","runtime-sampled","integrated","12","exports/brann-rook/armed/crouch_idle/animation.json","Connected to the existing body state or kit event; see DUO-COMPLETION.md."
"brann-rook/armed/crouch_walk","fighter","brann-rook","crouch_walk","exported","runtime-sampled","integrated","12","exports/brann-rook/armed/crouch_walk/animation.json","Connected to the existing body state or kit event; see DUO-COMPLETION.md."
"brann-rook/armed/hurt_crouch","fighter","brann-rook","hurt_crouch","exported","runtime-sampled","integrated","12","exports/brann-rook/armed/hurt_crouch/animation.json","Connected to the existing body state or kit event; see DUO-COMPLETION.md."
"brann-rook/armed/hurt_air","fighter","brann-rook","hurt_air","exported","runtime-sampled","integrated","12","exports/brann-rook/armed/hurt_air/animation.json","Connected to the existing body state or kit event; see DUO-COMPLETION.md."
"brann-rook/armed/hurt_back","fighter","brann-rook","hurt_back","exported","runtime-sampled","integrated","12","exports/brann-rook/armed/hurt_back/animation.json","Connected to the existing body state or kit event; see DUO-COMPLETION.md."
"brann-rook/armed/shield_hit","fighter","brann-rook","shield_hit","exported","runtime-sampled","integrated","12","exports/brann-rook/armed/shield_hit/animation.json","Connected to the existing body state or kit event; see DUO-COMPLETION.md."
"brann-rook/armed/shield_break","fighter","brann-rook","shield_break","exported","runtime-sampled","integrated","12","exports/brann-rook/armed/shield_break/animation.json","Connected to the existing body state or kit event; see DUO-COMPLETION.md. Detached component report reviewed: gesture marks or shield impact fragments, not a joined/missing body."
"brann-rook/armed/stun","fighter","brann-rook","stun","exported","runtime-sampled","integrated","12","exports/brann-rook/armed/stun/animation.json","Connected to the existing body state or kit event; see DUO-COMPLETION.md."
"brann-rook/armed/frozen","fighter","brann-rook","frozen","exported","runtime-sampled","integrated","12","exports/brann-rook/armed/frozen/animation.json","Connected to the existing body state or kit event; see DUO-COMPLETION.md."
"brann-rook/armed/burning","fighter","brann-rook","burning","exported","runtime-sampled","integrated","12","exports/brann-rook/armed/burning/animation.json","Connected to the existing body state or kit event; see DUO-COMPLETION.md."
"brann-rook/armed/grabbed","fighter","brann-rook","grabbed","exported","runtime-sampled","integrated","12","exports/brann-rook/armed/grabbed/animation.json","Connected to the existing body state or kit event; see DUO-COMPLETION.md."
"brann-rook/armed/ledge_release","fighter","brann-rook","ledge_release","exported","runtime-sampled","integrated","12","exports/brann-rook/armed/ledge_release/animation.json","Connected to the existing body state or kit event; see DUO-COMPLETION.md."
"brann-rook/armed/defeat","fighter","brann-rook","defeat","exported","runtime-sampled","integrated","12","exports/brann-rook/armed/defeat/animation.json","Connected to the existing body state or kit event; see DUO-COMPLETION.md."
"brann-rook/armed/stand_up","fighter","brann-rook","stand_up","exported","runtime-sampled","integrated","12","exports/brann-rook/armed/stand_up/animation.json","Connected to the existing body state or kit event; see DUO-COMPLETION.md."
"sable-fen/unarmed/idle","fighter","sable-fen","idle","missing","pending","not-integrated","0","",""
"sable-fen/unarmed/run","fighter","sable-fen","run","missing","pending","not-integrated","0","",""
"sable-fen/unarmed/jump","fighter","sable-fen","jump","missing","pending","not-integrated","0","",""
"sable-fen/unarmed/fall","fighter","sable-fen","fall","missing","pending","not-integrated","0","",""
"sable-fen/unarmed/land","fighter","sable-fen","land","missing","pending","not-integrated","0","",""
"sable-fen/unarmed/opener","fighter","sable-fen","opener","missing","pending","not-integrated","0","",""
"sable-fen/unarmed/launcher","fighter","sable-fen","launcher","missing","pending","not-integrated","0","",""
"sable-fen/unarmed/aerial","fighter","sable-fen","aerial","missing","pending","not-integrated","0","",""
"sable-fen/unarmed/finisher","fighter","sable-fen","finisher","missing","pending","not-integrated","0","",""
"sable-fen/unarmed/shield","fighter","sable-fen","shield","missing","pending","not-integrated","0","",""
"sable-fen/unarmed/dodge","fighter","sable-fen","dodge","missing","pending","not-integrated","0","",""
"sable-fen/unarmed/grab","fighter","sable-fen","grab","missing","pending","not-integrated","0","",""
"sable-fen/unarmed/throw_forward","fighter","sable-fen","throw_forward","missing","pending","not-integrated","0","",""
"sable-fen/unarmed/tactical","fighter","sable-fen","tactical","missing","pending","not-integrated","0","",""
"sable-fen/unarmed/ultimate","fighter","sable-fen","ultimate","missing","pending","not-integrated","0","",""
"sable-fen/unarmed/walk","fighter","sable-fen","walk","missing","pending","not-integrated","0","",""
"sable-fen/unarmed/dash","fighter","sable-fen","dash","missing","pending","not-integrated","0","",""
"sable-fen/unarmed/brake","fighter","sable-fen","brake","missing","pending","not-integrated","0","",""
"sable-fen/unarmed/double_jump","fighter","sable-fen","double_jump","missing","pending","not-integrated","0","",""
"sable-fen/unarmed/fast_fall","fighter","sable-fen","fast_fall","missing","pending","not-integrated","0","",""
"sable-fen/unarmed/air_dodge","fighter","sable-fen","air_dodge","missing","pending","not-integrated","0","",""
"sable-fen/unarmed/recovery","fighter","sable-fen","recovery","missing","pending","not-integrated","0","",""
"sable-fen/unarmed/wall_cling","fighter","sable-fen","wall_cling","missing","pending","not-integrated","0","",""
"sable-fen/unarmed/ledge_hang","fighter","sable-fen","ledge_hang","missing","pending","not-integrated","0","",""
"sable-fen/unarmed/ledge_climb","fighter","sable-fen","ledge_climb","missing","pending","not-integrated","0","",""
"sable-fen/unarmed/hurt","fighter","sable-fen","hurt","missing","pending","not-integrated","0","",""
"sable-fen/unarmed/tumble","fighter","sable-fen","tumble","missing","pending","not-integrated","0","",""
"sable-fen/unarmed/get_up","fighter","sable-fen","get_up","missing","pending","not-integrated","0","",""
"sable-fen/unarmed/ko","fighter","sable-fen","ko","missing","pending","not-integrated","0","",""
"sable-fen/unarmed/respawn","fighter","sable-fen","respawn","missing","pending","not-integrated","0","",""
"sable-fen/unarmed/victory","fighter","sable-fen","victory","missing","pending","not-integrated","0","",""
"sable-fen/unarmed/neutral_air","fighter","sable-fen","neutral_air","missing","pending","not-integrated","0","",""
"sable-fen/unarmed/back_air","fighter","sable-fen","back_air","missing","pending","not-integrated","0","",""
"sable-fen/unarmed/up_air","fighter","sable-fen","up_air","missing","pending","not-integrated","0","",""
"sable-fen/unarmed/down_air","fighter","sable-fen","down_air","missing","pending","not-integrated","0","",""
"sable-fen/unarmed/up_smash","fighter","sable-fen","up_smash","missing","pending","not-integrated","0","",""
"sable-fen/unarmed/down_smash","fighter","sable-fen","down_smash","missing","pending","not-integrated","0","",""
"sable-fen/unarmed/throw_back","fighter","sable-fen","throw_back","missing","pending","not-integrated","0","",""
"sable-fen/unarmed/throw_up","fighter","sable-fen","throw_up","missing","pending","not-integrated","0","",""
"sable-fen/unarmed/throw_down","fighter","sable-fen","throw_down","missing","pending","not-integrated","0","",""
"sable-fen/unarmed/cast_forward","fighter","sable-fen","cast_forward","missing","pending","not-integrated","0","",""
"sable-fen/unarmed/cast_up","fighter","sable-fen","cast_up","missing","pending","not-integrated","0","",""
"sable-fen/unarmed/cast_down","fighter","sable-fen","cast_down","missing","pending","not-integrated","0","",""
"sable-fen/unarmed/cast_diagonal_up","fighter","sable-fen","cast_diagonal_up","missing","pending","not-integrated","0","",""
"sable-fen/unarmed/cast_diagonal_down","fighter","sable-fen","cast_diagonal_down","missing","pending","not-integrated","0","",""
"sable-fen/unarmed/pickup","fighter","sable-fen","pickup","missing","pending","not-integrated","0","",""
"sable-fen/unarmed/taunt","fighter","sable-fen","taunt","missing","pending","not-integrated","0","",""
"sable-fen/unarmed/idle_ready","fighter","sable-fen","idle_ready","missing","pending","not-integrated","0","",""
"sable-fen/unarmed/duck","fighter","sable-fen","duck","missing","pending","not-integrated","0","",""
"sable-fen/unarmed/crouch_idle","fighter","sable-fen","crouch_idle","missing","pending","not-integrated","0","",""
"sable-fen/unarmed/crouch_walk","fighter","sable-fen","crouch_walk","missing","pending","not-integrated","0","",""
"sable-fen/unarmed/hurt_crouch","fighter","sable-fen","hurt_crouch","missing","pending","not-integrated","0","",""
"sable-fen/unarmed/hurt_air","fighter","sable-fen","hurt_air","missing","pending","not-integrated","0","",""
"sable-fen/unarmed/hurt_back","fighter","sable-fen","hurt_back","missing","pending","not-integrated","0","",""
"sable-fen/unarmed/shield_hit","fighter","sable-fen","shield_hit","missing","pending","not-integrated","0","",""
"sable-fen/unarmed/shield_break","fighter","sable-fen","shield_break","missing","pending","not-integrated","0","",""
"sable-fen/unarmed/stun","fighter","sable-fen","stun","missing","pending","not-integrated","0","",""
"sable-fen/unarmed/frozen","fighter","sable-fen","frozen","missing","pending","not-integrated","0","",""
"sable-fen/unarmed/burning","fighter","sable-fen","burning","missing","pending","not-integrated","0","",""
"sable-fen/unarmed/grabbed","fighter","sable-fen","grabbed","missing","pending","not-integrated","0","",""
"sable-fen/unarmed/ledge_release","fighter","sable-fen","ledge_release","missing","pending","not-integrated","0","",""
"sable-fen/unarmed/defeat","fighter","sable-fen","defeat","missing","pending","not-integrated","0","",""
"sable-fen/unarmed/stand_up","fighter","sable-fen","stand_up","missing","pending","not-integrated","0","",""
"sable-fen/armed/idle","fighter","sable-fen","idle","missing","pending","not-integrated","0","",""
"sable-fen/armed/run","fighter","sable-fen","run","missing","pending","not-integrated","0","",""
"sable-fen/armed/jump","fighter","sable-fen","jump","missing","pending","not-integrated","0","",""
"sable-fen/armed/fall","fighter","sable-fen","fall","missing","pending","not-integrated","0","",""
"sable-fen/armed/land","fighter","sable-fen","land","missing","pending","not-integrated","0","",""
"sable-fen/armed/opener","fighter","sable-fen","opener","missing","pending","not-integrated","0","",""
"sable-fen/armed/launcher","fighter","sable-fen","launcher","missing","pending","not-integrated","0","",""
"sable-fen/armed/aerial","fighter","sable-fen","aerial","missing","pending","not-integrated","0","",""
"sable-fen/armed/finisher","fighter","sable-fen","finisher","missing","pending","not-integrated","0","",""
"sable-fen/armed/shield","fighter","sable-fen","shield","missing","pending","not-integrated","0","",""
"sable-fen/armed/dodge","fighter","sable-fen","dodge","missing","pending","not-integrated","0","",""
"sable-fen/armed/grab","fighter","sable-fen","grab","missing","pending","not-integrated","0","",""
"sable-fen/armed/throw_forward","fighter","sable-fen","throw_forward","missing","pending","not-integrated","0","",""
"sable-fen/armed/tactical","fighter","sable-fen","tactical","missing","pending","not-integrated","0","",""
"sable-fen/armed/ultimate","fighter","sable-fen","ultimate","missing","pending","not-integrated","0","",""
"sable-fen/armed/walk","fighter","sable-fen","walk","missing","pending","not-integrated","0","",""
"sable-fen/armed/dash","fighter","sable-fen","dash","missing","pending","not-integrated","0","",""
"sable-fen/armed/brake","fighter","sable-fen","brake","missing","pending","not-integrated","0","",""
"sable-fen/armed/double_jump","fighter","sable-fen","double_jump","missing","pending","not-integrated","0","",""
"sable-fen/armed/fast_fall","fighter","sable-fen","fast_fall","missing","pending","not-integrated","0","",""
"sable-fen/armed/air_dodge","fighter","sable-fen","air_dodge","missing","pending","not-integrated","0","",""
"sable-fen/armed/recovery","fighter","sable-fen","recovery","missing","pending","not-integrated","0","",""
"sable-fen/armed/wall_cling","fighter","sable-fen","wall_cling","missing","pending","not-integrated","0","",""
"sable-fen/armed/ledge_hang","fighter","sable-fen","ledge_hang","missing","pending","not-integrated","0","",""
"sable-fen/armed/ledge_climb","fighter","sable-fen","ledge_climb","missing","pending","not-integrated","0","",""
"sable-fen/armed/hurt","fighter","sable-fen","hurt","missing","pending","not-integrated","0","",""
"sable-fen/armed/tumble","fighter","sable-fen","tumble","missing","pending","not-integrated","0","",""
"sable-fen/armed/get_up","fighter","sable-fen","get_up","missing","pending","not-integrated","0","",""
"sable-fen/armed/ko","fighter","sable-fen","ko","missing","pending","not-integrated","0","",""
"sable-fen/armed/respawn","fighter","sable-fen","respawn","missing","pending","not-integrated","0","",""
"sable-fen/armed/victory","fighter","sable-fen","victory","missing","pending","not-integrated","0","",""
"sable-fen/armed/neutral_air","fighter","sable-fen","neutral_air","missing","pending","not-integrated","0","",""
"sable-fen/armed/back_air","fighter","sable-fen","back_air","missing","pending","not-integrated","0","",""
"sable-fen/armed/up_air","fighter","sable-fen","up_air","missing","pending","not-integrated","0","",""
"sable-fen/armed/down_air","fighter","sable-fen","down_air","missing","pending","not-integrated","0","",""
"sable-fen/armed/up_smash","fighter","sable-fen","up_smash","missing","pending","not-integrated","0","",""
"sable-fen/armed/down_smash","fighter","sable-fen","down_smash","missing","pending","not-integrated","0","",""
"sable-fen/armed/throw_back","fighter","sable-fen","throw_back","missing","pending","not-integrated","0","",""
"sable-fen/armed/throw_up","fighter","sable-fen","throw_up","missing","pending","not-integrated","0","",""
"sable-fen/armed/throw_down","fighter","sable-fen","throw_down","missing","pending","not-integrated","0","",""
"sable-fen/armed/cast_forward","fighter","sable-fen","cast_forward","missing","pending","not-integrated","0","",""
"sable-fen/armed/cast_up","fighter","sable-fen","cast_up","missing","pending","not-integrated","0","",""
"sable-fen/armed/cast_down","fighter","sable-fen","cast_down","missing","pending","not-integrated","0","",""
"sable-fen/armed/cast_diagonal_up","fighter","sable-fen","cast_diagonal_up","missing","pending","not-integrated","0","",""
"sable-fen/armed/cast_diagonal_down","fighter","sable-fen","cast_diagonal_down","missing","pending","not-integrated","0","",""
"sable-fen/armed/pickup","fighter","sable-fen","pickup","missing","pending","not-integrated","0","",""
"sable-fen/armed/taunt","fighter","sable-fen","taunt","missing","pending","not-integrated","0","",""
"sable-fen/armed/idle_ready","fighter","sable-fen","idle_ready","missing","pending","not-integrated","0","",""
"sable-fen/armed/duck","fighter","sable-fen","duck","missing","pending","not-integrated","0","",""
"sable-fen/armed/crouch_idle","fighter","sable-fen","crouch_idle","missing","pending","not-integrated","0","",""
"sable-fen/armed/crouch_walk","fighter","sable-fen","crouch_walk","missing","pending","not-integrated","0","",""
"sable-fen/armed/hurt_crouch","fighter","sable-fen","hurt_crouch","missing","pending","not-integrated","0","",""
"sable-fen/armed/hurt_air","fighter","sable-fen","hurt_air","missing","pending","not-integrated","0","",""
"sable-fen/armed/hurt_back","fighter","sable-fen","hurt_back","missing","pending","not-integrated","0","",""
"sable-fen/armed/shield_hit","fighter","sable-fen","shield_hit","missing","pending","not-integrated","0","",""
"sable-fen/armed/shield_break","fighter","sable-fen","shield_break","missing","pending","not-integrated","0","",""
"sable-fen/armed/stun","fighter","sable-fen","stun","missing","pending","not-integrated","0","",""
"sable-fen/armed/frozen","fighter","sable-fen","frozen","missing","pending","not-integrated","0","",""
"sable-fen/armed/burning","fighter","sable-fen","burning","missing","pending","not-integrated","0","",""
"sable-fen/armed/grabbed","fighter","sable-fen","grabbed","missing","pending","not-integrated","0","",""
"sable-fen/armed/ledge_release","fighter","sable-fen","ledge_release","missing","pending","not-integrated","0","",""
"sable-fen/armed/defeat","fighter","sable-fen","defeat","missing","pending","not-integrated","0","",""
"sable-fen/armed/stand_up","fighter","sable-fen","stand_up","missing","pending","not-integrated","0","",""
"mara-quell/unarmed/idle","fighter","mara-quell","idle","missing","pending","not-integrated","0","",""
"mara-quell/unarmed/run","fighter","mara-quell","run","missing","pending","not-integrated","0","",""
"mara-quell/unarmed/jump","fighter","mara-quell","jump","missing","pending","not-integrated","0","",""
"mara-quell/unarmed/fall","fighter","mara-quell","fall","missing","pending","not-integrated","0","",""
"mara-quell/unarmed/land","fighter","mara-quell","land","missing","pending","not-integrated","0","",""
"mara-quell/unarmed/opener","fighter","mara-quell","opener","missing","pending","not-integrated","0","",""
"mara-quell/unarmed/launcher","fighter","mara-quell","launcher","missing","pending","not-integrated","0","",""
"mara-quell/unarmed/aerial","fighter","mara-quell","aerial","missing","pending","not-integrated","0","",""
"mara-quell/unarmed/finisher","fighter","mara-quell","finisher","missing","pending","not-integrated","0","",""
"mara-quell/unarmed/shield","fighter","mara-quell","shield","missing","pending","not-integrated","0","",""
"mara-quell/unarmed/dodge","fighter","mara-quell","dodge","missing","pending","not-integrated","0","",""
"mara-quell/unarmed/grab","fighter","mara-quell","grab","missing","pending","not-integrated","0","",""
"mara-quell/unarmed/throw_forward","fighter","mara-quell","throw_forward","missing","pending","not-integrated","0","",""
"mara-quell/unarmed/tactical","fighter","mara-quell","tactical","missing","pending","not-integrated","0","",""
"mara-quell/unarmed/ultimate","fighter","mara-quell","ultimate","missing","pending","not-integrated","0","",""
"mara-quell/unarmed/walk","fighter","mara-quell","walk","missing","pending","not-integrated","0","",""
"mara-quell/unarmed/dash","fighter","mara-quell","dash","missing","pending","not-integrated","0","",""
"mara-quell/unarmed/brake","fighter","mara-quell","brake","missing","pending","not-integrated","0","",""
"mara-quell/unarmed/double_jump","fighter","mara-quell","double_jump","missing","pending","not-integrated","0","",""
"mara-quell/unarmed/fast_fall","fighter","mara-quell","fast_fall","missing","pending","not-integrated","0","",""
"mara-quell/unarmed/air_dodge","fighter","mara-quell","air_dodge","missing","pending","not-integrated","0","",""
"mara-quell/unarmed/recovery","fighter","mara-quell","recovery","missing","pending","not-integrated","0","",""
"mara-quell/unarmed/wall_cling","fighter","mara-quell","wall_cling","missing","pending","not-integrated","0","",""
"mara-quell/unarmed/ledge_hang","fighter","mara-quell","ledge_hang","missing","pending","not-integrated","0","",""
"mara-quell/unarmed/ledge_climb","fighter","mara-quell","ledge_climb","missing","pending","not-integrated","0","",""
"mara-quell/unarmed/hurt","fighter","mara-quell","hurt","missing","pending","not-integrated","0","",""
"mara-quell/unarmed/tumble","fighter","mara-quell","tumble","missing","pending","not-integrated","0","",""
"mara-quell/unarmed/get_up","fighter","mara-quell","get_up","missing","pending","not-integrated","0","",""
"mara-quell/unarmed/ko","fighter","mara-quell","ko","missing","pending","not-integrated","0","",""
"mara-quell/unarmed/respawn","fighter","mara-quell","respawn","missing","pending","not-integrated","0","",""
"mara-quell/unarmed/victory","fighter","mara-quell","victory","missing","pending","not-integrated","0","",""
"mara-quell/unarmed/neutral_air","fighter","mara-quell","neutral_air","missing","pending","not-integrated","0","",""
"mara-quell/unarmed/back_air","fighter","mara-quell","back_air","missing","pending","not-integrated","0","",""
"mara-quell/unarmed/up_air","fighter","mara-quell","up_air","missing","pending","not-integrated","0","",""
"mara-quell/unarmed/down_air","fighter","mara-quell","down_air","missing","pending","not-integrated","0","",""
"mara-quell/unarmed/up_smash","fighter","mara-quell","up_smash","missing","pending","not-integrated","0","",""
"mara-quell/unarmed/down_smash","fighter","mara-quell","down_smash","missing","pending","not-integrated","0","",""
"mara-quell/unarmed/throw_back","fighter","mara-quell","throw_back","missing","pending","not-integrated","0","",""
"mara-quell/unarmed/throw_up","fighter","mara-quell","throw_up","missing","pending","not-integrated","0","",""
"mara-quell/unarmed/throw_down","fighter","mara-quell","throw_down","missing","pending","not-integrated","0","",""
"mara-quell/unarmed/cast_forward","fighter","mara-quell","cast_forward","missing","pending","not-integrated","0","",""
"mara-quell/unarmed/cast_up","fighter","mara-quell","cast_up","missing","pending","not-integrated","0","",""
"mara-quell/unarmed/cast_down","fighter","mara-quell","cast_down","missing","pending","not-integrated","0","",""
"mara-quell/unarmed/cast_diagonal_up","fighter","mara-quell","cast_diagonal_up","missing","pending","not-integrated","0","",""
"mara-quell/unarmed/cast_diagonal_down","fighter","mara-quell","cast_diagonal_down","missing","pending","not-integrated","0","",""
"mara-quell/unarmed/pickup","fighter","mara-quell","pickup","missing","pending","not-integrated","0","",""
"mara-quell/unarmed/taunt","fighter","mara-quell","taunt","missing","pending","not-integrated","0","",""
"mara-quell/unarmed/idle_ready","fighter","mara-quell","idle_ready","missing","pending","not-integrated","0","",""
"mara-quell/unarmed/duck","fighter","mara-quell","duck","missing","pending","not-integrated","0","",""
"mara-quell/unarmed/crouch_idle","fighter","mara-quell","crouch_idle","missing","pending","not-integrated","0","",""
"mara-quell/unarmed/crouch_walk","fighter","mara-quell","crouch_walk","missing","pending","not-integrated","0","",""
"mara-quell/unarmed/hurt_crouch","fighter","mara-quell","hurt_crouch","missing","pending","not-integrated","0","",""
"mara-quell/unarmed/hurt_air","fighter","mara-quell","hurt_air","missing","pending","not-integrated","0","",""
"mara-quell/unarmed/hurt_back","fighter","mara-quell","hurt_back","missing","pending","not-integrated","0","",""
"mara-quell/unarmed/shield_hit","fighter","mara-quell","shield_hit","missing","pending","not-integrated","0","",""
"mara-quell/unarmed/shield_break","fighter","mara-quell","shield_break","missing","pending","not-integrated","0","",""
"mara-quell/unarmed/stun","fighter","mara-quell","stun","missing","pending","not-integrated","0","",""
"mara-quell/unarmed/frozen","fighter","mara-quell","frozen","missing","pending","not-integrated","0","",""
"mara-quell/unarmed/burning","fighter","mara-quell","burning","missing","pending","not-integrated","0","",""
"mara-quell/unarmed/grabbed","fighter","mara-quell","grabbed","missing","pending","not-integrated","0","",""
"mara-quell/unarmed/ledge_release","fighter","mara-quell","ledge_release","missing","pending","not-integrated","0","",""
"mara-quell/unarmed/defeat","fighter","mara-quell","defeat","missing","pending","not-integrated","0","",""
"mara-quell/unarmed/stand_up","fighter","mara-quell","stand_up","missing","pending","not-integrated","0","",""
"mara-quell/armed/idle","fighter","mara-quell","idle","missing","pending","not-integrated","0","",""
"mara-quell/armed/run","fighter","mara-quell","run","missing","pending","not-integrated","0","",""
"mara-quell/armed/jump","fighter","mara-quell","jump","missing","pending","not-integrated","0","",""
"mara-quell/armed/fall","fighter","mara-quell","fall","missing","pending","not-integrated","0","",""
"mara-quell/armed/land","fighter","mara-quell","land","missing","pending","not-integrated","0","",""
"mara-quell/armed/opener","fighter","mara-quell","opener","missing","pending","not-integrated","0","",""
"mara-quell/armed/launcher","fighter","mara-quell","launcher","missing","pending","not-integrated","0","",""
"mara-quell/armed/aerial","fighter","mara-quell","aerial","missing","pending","not-integrated","0","",""
"mara-quell/armed/finisher","fighter","mara-quell","finisher","missing","pending","not-integrated","0","",""
"mara-quell/armed/shield","fighter","mara-quell","shield","missing","pending","not-integrated","0","",""
"mara-quell/armed/dodge","fighter","mara-quell","dodge","missing","pending","not-integrated","0","",""
"mara-quell/armed/grab","fighter","mara-quell","grab","missing","pending","not-integrated","0","",""
"mara-quell/armed/throw_forward","fighter","mara-quell","throw_forward","missing","pending","not-integrated","0","",""
"mara-quell/armed/tactical","fighter","mara-quell","tactical","missing","pending","not-integrated","0","",""
"mara-quell/armed/ultimate","fighter","mara-quell","ultimate","missing","pending","not-integrated","0","",""
"mara-quell/armed/walk","fighter","mara-quell","walk","missing","pending","not-integrated","0","",""
"mara-quell/armed/dash","fighter","mara-quell","dash","missing","pending","not-integrated","0","",""
"mara-quell/armed/brake","fighter","mara-quell","brake","missing","pending","not-integrated","0","",""
"mara-quell/armed/double_jump","fighter","mara-quell","double_jump","missing","pending","not-integrated","0","",""
"mara-quell/armed/fast_fall","fighter","mara-quell","fast_fall","missing","pending","not-integrated","0","",""
"mara-quell/armed/air_dodge","fighter","mara-quell","air_dodge","missing","pending","not-integrated","0","",""
"mara-quell/armed/recovery","fighter","mara-quell","recovery","missing","pending","not-integrated","0","",""
"mara-quell/armed/wall_cling","fighter","mara-quell","wall_cling","missing","pending","not-integrated","0","",""
"mara-quell/armed/ledge_hang","fighter","mara-quell","ledge_hang","missing","pending","not-integrated","0","",""
"mara-quell/armed/ledge_climb","fighter","mara-quell","ledge_climb","missing","pending","not-integrated","0","",""
"mara-quell/armed/hurt","fighter","mara-quell","hurt","missing","pending","not-integrated","0","",""
"mara-quell/armed/tumble","fighter","mara-quell","tumble","missing","pending","not-integrated","0","",""
"mara-quell/armed/get_up","fighter","mara-quell","get_up","missing","pending","not-integrated","0","",""
"mara-quell/armed/ko","fighter","mara-quell","ko","missing","pending","not-integrated","0","",""
"mara-quell/armed/respawn","fighter","mara-quell","respawn","missing","pending","not-integrated","0","",""
"mara-quell/armed/victory","fighter","mara-quell","victory","missing","pending","not-integrated","0","",""
"mara-quell/armed/neutral_air","fighter","mara-quell","neutral_air","missing","pending","not-integrated","0","",""
"mara-quell/armed/back_air","fighter","mara-quell","back_air","missing","pending","not-integrated","0","",""
"mara-quell/armed/up_air","fighter","mara-quell","up_air","missing","pending","not-integrated","0","",""
"mara-quell/armed/down_air","fighter","mara-quell","down_air","missing","pending","not-integrated","0","",""
"mara-quell/armed/up_smash","fighter","mara-quell","up_smash","missing","pending","not-integrated","0","",""
"mara-quell/armed/down_smash","fighter","mara-quell","down_smash","missing","pending","not-integrated","0","",""
"mara-quell/armed/throw_back","fighter","mara-quell","throw_back","missing","pending","not-integrated","0","",""
"mara-quell/armed/throw_up","fighter","mara-quell","throw_up","missing","pending","not-integrated","0","",""
"mara-quell/armed/throw_down","fighter","mara-quell","throw_down","missing","pending","not-integrated","0","",""
"mara-quell/armed/cast_forward","fighter","mara-quell","cast_forward","missing","pending","not-integrated","0","",""
"mara-quell/armed/cast_up","fighter","mara-quell","cast_up","missing","pending","not-integrated","0","",""
"mara-quell/armed/cast_down","fighter","mara-quell","cast_down","missing","pending","not-integrated","0","",""
"mara-quell/armed/cast_diagonal_up","fighter","mara-quell","cast_diagonal_up","missing","pending","not-integrated","0","",""
"mara-quell/armed/cast_diagonal_down","fighter","mara-quell","cast_diagonal_down","missing","pending","not-integrated","0","",""
"mara-quell/armed/pickup","fighter","mara-quell","pickup","missing","pending","not-integrated","0","",""
"mara-quell/armed/taunt","fighter","mara-quell","taunt","missing","pending","not-integrated","0","",""
"mara-quell/armed/idle_ready","fighter","mara-quell","idle_ready","missing","pending","not-integrated","0","",""
"mara-quell/armed/duck","fighter","mara-quell","duck","missing","pending","not-integrated","0","",""
"mara-quell/armed/crouch_idle","fighter","mara-quell","crouch_idle","missing","pending","not-integrated","0","",""
"mara-quell/armed/crouch_walk","fighter","mara-quell","crouch_walk","missing","pending","not-integrated","0","",""
"mara-quell/armed/hurt_crouch","fighter","mara-quell","hurt_crouch","missing","pending","not-integrated","0","",""
"mara-quell/armed/hurt_air","fighter","mara-quell","hurt_air","missing","pending","not-integrated","0","",""
"mara-quell/armed/hurt_back","fighter","mara-quell","hurt_back","missing","pending","not-integrated","0","",""
"mara-quell/armed/shield_hit","fighter","mara-quell","shield_hit","missing","pending","not-integrated","0","",""
"mara-quell/armed/shield_break","fighter","mara-quell","shield_break","missing","pending","not-integrated","0","",""
"mara-quell/armed/stun","fighter","mara-quell","stun","missing","pending","not-integrated","0","",""
"mara-quell/armed/frozen","fighter","mara-quell","frozen","missing","pending","not-integrated","0","",""
"mara-quell/armed/burning","fighter","mara-quell","burning","missing","pending","not-integrated","0","",""
"mara-quell/armed/grabbed","fighter","mara-quell","grabbed","missing","pending","not-integrated","0","",""
"mara-quell/armed/ledge_release","fighter","mara-quell","ledge_release","missing","pending","not-integrated","0","",""
"mara-quell/armed/defeat","fighter","mara-quell","defeat","missing","pending","not-integrated","0","",""
"mara-quell/armed/stand_up","fighter","mara-quell","stand_up","missing","pending","not-integrated","0","",""
"kest-rel/unarmed/idle","fighter","kest-rel","idle","missing","pending","not-integrated","0","",""
"kest-rel/unarmed/run","fighter","kest-rel","run","missing","pending","not-integrated","0","",""
"kest-rel/unarmed/jump","fighter","kest-rel","jump","missing","pending","not-integrated","0","",""
"kest-rel/unarmed/fall","fighter","kest-rel","fall","missing","pending","not-integrated","0","",""
"kest-rel/unarmed/land","fighter","kest-rel","land","missing","pending","not-integrated","0","",""
"kest-rel/unarmed/opener","fighter","kest-rel","opener","missing","pending","not-integrated","0","",""
"kest-rel/unarmed/launcher","fighter","kest-rel","launcher","missing","pending","not-integrated","0","",""
"kest-rel/unarmed/aerial","fighter","kest-rel","aerial","missing","pending","not-integrated","0","",""
"kest-rel/unarmed/finisher","fighter","kest-rel","finisher","missing","pending","not-integrated","0","",""
"kest-rel/unarmed/shield","fighter","kest-rel","shield","missing","pending","not-integrated","0","",""
"kest-rel/unarmed/dodge","fighter","kest-rel","dodge","missing","pending","not-integrated","0","",""
"kest-rel/unarmed/grab","fighter","kest-rel","grab","missing","pending","not-integrated","0","",""
"kest-rel/unarmed/throw_forward","fighter","kest-rel","throw_forward","missing","pending","not-integrated","0","",""
"kest-rel/unarmed/tactical","fighter","kest-rel","tactical","missing","pending","not-integrated","0","",""
"kest-rel/unarmed/ultimate","fighter","kest-rel","ultimate","missing","pending","not-integrated","0","",""
"kest-rel/unarmed/walk","fighter","kest-rel","walk","missing","pending","not-integrated","0","",""
"kest-rel/unarmed/dash","fighter","kest-rel","dash","missing","pending","not-integrated","0","",""
"kest-rel/unarmed/brake","fighter","kest-rel","brake","missing","pending","not-integrated","0","",""
"kest-rel/unarmed/double_jump","fighter","kest-rel","double_jump","missing","pending","not-integrated","0","",""
"kest-rel/unarmed/fast_fall","fighter","kest-rel","fast_fall","missing","pending","not-integrated","0","",""
"kest-rel/unarmed/air_dodge","fighter","kest-rel","air_dodge","missing","pending","not-integrated","0","",""
"kest-rel/unarmed/recovery","fighter","kest-rel","recovery","missing","pending","not-integrated","0","",""
"kest-rel/unarmed/wall_cling","fighter","kest-rel","wall_cling","missing","pending","not-integrated","0","",""
"kest-rel/unarmed/ledge_hang","fighter","kest-rel","ledge_hang","missing","pending","not-integrated","0","",""
"kest-rel/unarmed/ledge_climb","fighter","kest-rel","ledge_climb","missing","pending","not-integrated","0","",""
"kest-rel/unarmed/hurt","fighter","kest-rel","hurt","missing","pending","not-integrated","0","",""
"kest-rel/unarmed/tumble","fighter","kest-rel","tumble","missing","pending","not-integrated","0","",""
"kest-rel/unarmed/get_up","fighter","kest-rel","get_up","missing","pending","not-integrated","0","",""
"kest-rel/unarmed/ko","fighter","kest-rel","ko","missing","pending","not-integrated","0","",""
"kest-rel/unarmed/respawn","fighter","kest-rel","respawn","missing","pending","not-integrated","0","",""
"kest-rel/unarmed/victory","fighter","kest-rel","victory","missing","pending","not-integrated","0","",""
"kest-rel/unarmed/neutral_air","fighter","kest-rel","neutral_air","missing","pending","not-integrated","0","",""
"kest-rel/unarmed/back_air","fighter","kest-rel","back_air","missing","pending","not-integrated","0","",""
"kest-rel/unarmed/up_air","fighter","kest-rel","up_air","missing","pending","not-integrated","0","",""
"kest-rel/unarmed/down_air","fighter","kest-rel","down_air","missing","pending","not-integrated","0","",""
"kest-rel/unarmed/up_smash","fighter","kest-rel","up_smash","missing","pending","not-integrated","0","",""
"kest-rel/unarmed/down_smash","fighter","kest-rel","down_smash","missing","pending","not-integrated","0","",""
"kest-rel/unarmed/throw_back","fighter","kest-rel","throw_back","missing","pending","not-integrated","0","",""
"kest-rel/unarmed/throw_up","fighter","kest-rel","throw_up","missing","pending","not-integrated","0","",""
"kest-rel/unarmed/throw_down","fighter","kest-rel","throw_down","missing","pending","not-integrated","0","",""
"kest-rel/unarmed/cast_forward","fighter","kest-rel","cast_forward","missing","pending","not-integrated","0","",""
"kest-rel/unarmed/cast_up","fighter","kest-rel","cast_up","missing","pending","not-integrated","0","",""
"kest-rel/unarmed/cast_down","fighter","kest-rel","cast_down","missing","pending","not-integrated","0","",""
"kest-rel/unarmed/cast_diagonal_up","fighter","kest-rel","cast_diagonal_up","missing","pending","not-integrated","0","",""
"kest-rel/unarmed/cast_diagonal_down","fighter","kest-rel","cast_diagonal_down","missing","pending","not-integrated","0","",""
"kest-rel/unarmed/pickup","fighter","kest-rel","pickup","missing","pending","not-integrated","0","",""
"kest-rel/unarmed/taunt","fighter","kest-rel","taunt","missing","pending","not-integrated","0","",""
"kest-rel/unarmed/idle_ready","fighter","kest-rel","idle_ready","missing","pending","not-integrated","0","",""
"kest-rel/unarmed/duck","fighter","kest-rel","duck","missing","pending","not-integrated","0","",""
"kest-rel/unarmed/crouch_idle","fighter","kest-rel","crouch_idle","missing","pending","not-integrated","0","",""
"kest-rel/unarmed/crouch_walk","fighter","kest-rel","crouch_walk","missing","pending","not-integrated","0","",""
"kest-rel/unarmed/hurt_crouch","fighter","kest-rel","hurt_crouch","missing","pending","not-integrated","0","",""
"kest-rel/unarmed/hurt_air","fighter","kest-rel","hurt_air","missing","pending","not-integrated","0","",""
"kest-rel/unarmed/hurt_back","fighter","kest-rel","hurt_back","missing","pending","not-integrated","0","",""
"kest-rel/unarmed/shield_hit","fighter","kest-rel","shield_hit","missing","pending","not-integrated","0","",""
"kest-rel/unarmed/shield_break","fighter","kest-rel","shield_break","missing","pending","not-integrated","0","",""
"kest-rel/unarmed/stun","fighter","kest-rel","stun","missing","pending","not-integrated","0","",""
"kest-rel/unarmed/frozen","fighter","kest-rel","frozen","missing","pending","not-integrated","0","",""
"kest-rel/unarmed/burning","fighter","kest-rel","burning","missing","pending","not-integrated","0","",""
"kest-rel/unarmed/grabbed","fighter","kest-rel","grabbed","missing","pending","not-integrated","0","",""
"kest-rel/unarmed/ledge_release","fighter","kest-rel","ledge_release","missing","pending","not-integrated","0","",""
"kest-rel/unarmed/defeat","fighter","kest-rel","defeat","missing","pending","not-integrated","0","",""
"kest-rel/unarmed/stand_up","fighter","kest-rel","stand_up","missing","pending","not-integrated","0","",""
"kest-rel/armed/idle","fighter","kest-rel","idle","missing","pending","not-integrated","0","",""
"kest-rel/armed/run","fighter","kest-rel","run","missing","pending","not-integrated","0","",""
"kest-rel/armed/jump","fighter","kest-rel","jump","missing","pending","not-integrated","0","",""
"kest-rel/armed/fall","fighter","kest-rel","fall","missing","pending","not-integrated","0","",""
"kest-rel/armed/land","fighter","kest-rel","land","missing","pending","not-integrated","0","",""
"kest-rel/armed/opener","fighter","kest-rel","opener","missing","pending","not-integrated","0","",""
"kest-rel/armed/launcher","fighter","kest-rel","launcher","missing","pending","not-integrated","0","",""
"kest-rel/armed/aerial","fighter","kest-rel","aerial","missing","pending","not-integrated","0","",""
"kest-rel/armed/finisher","fighter","kest-rel","finisher","missing","pending","not-integrated","0","",""
"kest-rel/armed/shield","fighter","kest-rel","shield","missing","pending","not-integrated","0","",""
"kest-rel/armed/dodge","fighter","kest-rel","dodge","missing","pending","not-integrated","0","",""
"kest-rel/armed/grab","fighter","kest-rel","grab","missing","pending","not-integrated","0","",""
"kest-rel/armed/throw_forward","fighter","kest-rel","throw_forward","missing","pending","not-integrated","0","",""
"kest-rel/armed/tactical","fighter","kest-rel","tactical","missing","pending","not-integrated","0","",""
"kest-rel/armed/ultimate","fighter","kest-rel","ultimate","missing","pending","not-integrated","0","",""
"kest-rel/armed/walk","fighter","kest-rel","walk","missing","pending","not-integrated","0","",""
"kest-rel/armed/dash","fighter","kest-rel","dash","missing","pending","not-integrated","0","",""
"kest-rel/armed/brake","fighter","kest-rel","brake","missing","pending","not-integrated","0","",""
"kest-rel/armed/double_jump","fighter","kest-rel","double_jump","missing","pending","not-integrated","0","",""
"kest-rel/armed/fast_fall","fighter","kest-rel","fast_fall","missing","pending","not-integrated","0","",""
"kest-rel/armed/air_dodge","fighter","kest-rel","air_dodge","missing","pending","not-integrated","0","",""
"kest-rel/armed/recovery","fighter","kest-rel","recovery","missing","pending","not-integrated","0","",""
"kest-rel/armed/wall_cling","fighter","kest-rel","wall_cling","missing","pending","not-integrated","0","",""
"kest-rel/armed/ledge_hang","fighter","kest-rel","ledge_hang","missing","pending","not-integrated","0","",""
"kest-rel/armed/ledge_climb","fighter","kest-rel","ledge_climb","missing","pending","not-integrated","0","",""
"kest-rel/armed/hurt","fighter","kest-rel","hurt","missing","pending","not-integrated","0","",""
"kest-rel/armed/tumble","fighter","kest-rel","tumble","missing","pending","not-integrated","0","",""
"kest-rel/armed/get_up","fighter","kest-rel","get_up","missing","pending","not-integrated","0","",""
"kest-rel/armed/ko","fighter","kest-rel","ko","missing","pending","not-integrated","0","",""
"kest-rel/armed/respawn","fighter","kest-rel","respawn","missing","pending","not-integrated","0","",""
"kest-rel/armed/victory","fighter","kest-rel","victory","missing","pending","not-integrated","0","",""
"kest-rel/armed/neutral_air","fighter","kest-rel","neutral_air","missing","pending","not-integrated","0","",""
"kest-rel/armed/back_air","fighter","kest-rel","back_air","missing","pending","not-integrated","0","",""
"kest-rel/armed/up_air","fighter","kest-rel","up_air","missing","pending","not-integrated","0","",""
"kest-rel/armed/down_air","fighter","kest-rel","down_air","missing","pending","not-integrated","0","",""
"kest-rel/armed/up_smash","fighter","kest-rel","up_smash","missing","pending","not-integrated","0","",""
"kest-rel/armed/down_smash","fighter","kest-rel","down_smash","missing","pending","not-integrated","0","",""
"kest-rel/armed/throw_back","fighter","kest-rel","throw_back","missing","pending","not-integrated","0","",""
"kest-rel/armed/throw_up","fighter","kest-rel","throw_up","missing","pending","not-integrated","0","",""
"kest-rel/armed/throw_down","fighter","kest-rel","throw_down","missing","pending","not-integrated","0","",""
"kest-rel/armed/cast_forward","fighter","kest-rel","cast_forward","missing","pending","not-integrated","0","",""
"kest-rel/armed/cast_up","fighter","kest-rel","cast_up","missing","pending","not-integrated","0","",""
"kest-rel/armed/cast_down","fighter","kest-rel","cast_down","missing","pending","not-integrated","0","",""
"kest-rel/armed/cast_diagonal_up","fighter","kest-rel","cast_diagonal_up","missing","pending","not-integrated","0","",""
"kest-rel/armed/cast_diagonal_down","fighter","kest-rel","cast_diagonal_down","missing","pending","not-integrated","0","",""
"kest-rel/armed/pickup","fighter","kest-rel","pickup","missing","pending","not-integrated","0","",""
"kest-rel/armed/taunt","fighter","kest-rel","taunt","missing","pending","not-integrated","0","",""
"kest-rel/armed/idle_ready","fighter","kest-rel","idle_ready","missing","pending","not-integrated","0","",""
"kest-rel/armed/duck","fighter","kest-rel","duck","missing","pending","not-integrated","0","",""
"kest-rel/armed/crouch_idle","fighter","kest-rel","crouch_idle","missing","pending","not-integrated","0","",""
"kest-rel/armed/crouch_walk","fighter","kest-rel","crouch_walk","missing","pending","not-integrated","0","",""
"kest-rel/armed/hurt_crouch","fighter","kest-rel","hurt_crouch","missing","pending","not-integrated","0","",""
"kest-rel/armed/hurt_air","fighter","kest-rel","hurt_air","missing","pending","not-integrated","0","",""
"kest-rel/armed/hurt_back","fighter","kest-rel","hurt_back","missing","pending","not-integrated","0","",""
"kest-rel/armed/shield_hit","fighter","kest-rel","shield_hit","missing","pending","not-integrated","0","",""
"kest-rel/armed/shield_break","fighter","kest-rel","shield_break","missing","pending","not-integrated","0","",""
"kest-rel/armed/stun","fighter","kest-rel","stun","missing","pending","not-integrated","0","",""
"kest-rel/armed/frozen","fighter","kest-rel","frozen","missing","pending","not-integrated","0","",""
"kest-rel/armed/burning","fighter","kest-rel","burning","missing","pending","not-integrated","0","",""
"kest-rel/armed/grabbed","fighter","kest-rel","grabbed","missing","pending","not-integrated","0","",""
"kest-rel/armed/ledge_release","fighter","kest-rel","ledge_release","missing","pending","not-integrated","0","",""
"kest-rel/armed/defeat","fighter","kest-rel","defeat","missing","pending","not-integrated","0","",""
"kest-rel/armed/stand_up","fighter","kest-rel","stand_up","missing","pending","not-integrated","0","",""
"nox-calder/unarmed/idle","fighter","nox-calder","idle","missing","pending","not-integrated","0","",""
"nox-calder/unarmed/run","fighter","nox-calder","run","missing","pending","not-integrated","0","",""
"nox-calder/unarmed/jump","fighter","nox-calder","jump","missing","pending","not-integrated","0","",""
"nox-calder/unarmed/fall","fighter","nox-calder","fall","missing","pending","not-integrated","0","",""
"nox-calder/unarmed/land","fighter","nox-calder","land","missing","pending","not-integrated","0","",""
"nox-calder/unarmed/opener","fighter","nox-calder","opener","missing","pending","not-integrated","0","",""
"nox-calder/unarmed/launcher","fighter","nox-calder","launcher","missing","pending","not-integrated","0","",""
"nox-calder/unarmed/aerial","fighter","nox-calder","aerial","missing","pending","not-integrated","0","",""
"nox-calder/unarmed/finisher","fighter","nox-calder","finisher","missing","pending","not-integrated","0","",""
"nox-calder/unarmed/shield","fighter","nox-calder","shield","missing","pending","not-integrated","0","",""
"nox-calder/unarmed/dodge","fighter","nox-calder","dodge","missing","pending","not-integrated","0","",""
"nox-calder/unarmed/grab","fighter","nox-calder","grab","missing","pending","not-integrated","0","",""
"nox-calder/unarmed/throw_forward","fighter","nox-calder","throw_forward","missing","pending","not-integrated","0","",""
"nox-calder/unarmed/tactical","fighter","nox-calder","tactical","missing","pending","not-integrated","0","",""
"nox-calder/unarmed/ultimate","fighter","nox-calder","ultimate","missing","pending","not-integrated","0","",""
"nox-calder/unarmed/walk","fighter","nox-calder","walk","missing","pending","not-integrated","0","",""
"nox-calder/unarmed/dash","fighter","nox-calder","dash","missing","pending","not-integrated","0","",""
"nox-calder/unarmed/brake","fighter","nox-calder","brake","missing","pending","not-integrated","0","",""
"nox-calder/unarmed/double_jump","fighter","nox-calder","double_jump","missing","pending","not-integrated","0","",""
"nox-calder/unarmed/fast_fall","fighter","nox-calder","fast_fall","missing","pending","not-integrated","0","",""
"nox-calder/unarmed/air_dodge","fighter","nox-calder","air_dodge","missing","pending","not-integrated","0","",""
"nox-calder/unarmed/recovery","fighter","nox-calder","recovery","missing","pending","not-integrated","0","",""
"nox-calder/unarmed/wall_cling","fighter","nox-calder","wall_cling","missing","pending","not-integrated","0","",""
"nox-calder/unarmed/ledge_hang","fighter","nox-calder","ledge_hang","missing","pending","not-integrated","0","",""
"nox-calder/unarmed/ledge_climb","fighter","nox-calder","ledge_climb","missing","pending","not-integrated","0","",""
"nox-calder/unarmed/hurt","fighter","nox-calder","hurt","missing","pending","not-integrated","0","",""
"nox-calder/unarmed/tumble","fighter","nox-calder","tumble","missing","pending","not-integrated","0","",""
"nox-calder/unarmed/get_up","fighter","nox-calder","get_up","missing","pending","not-integrated","0","",""
"nox-calder/unarmed/ko","fighter","nox-calder","ko","missing","pending","not-integrated","0","",""
"nox-calder/unarmed/respawn","fighter","nox-calder","respawn","missing","pending","not-integrated","0","",""
"nox-calder/unarmed/victory","fighter","nox-calder","victory","missing","pending","not-integrated","0","",""
"nox-calder/unarmed/neutral_air","fighter","nox-calder","neutral_air","missing","pending","not-integrated","0","",""
"nox-calder/unarmed/back_air","fighter","nox-calder","back_air","missing","pending","not-integrated","0","",""
"nox-calder/unarmed/up_air","fighter","nox-calder","up_air","missing","pending","not-integrated","0","",""
"nox-calder/unarmed/down_air","fighter","nox-calder","down_air","missing","pending","not-integrated","0","",""
"nox-calder/unarmed/up_smash","fighter","nox-calder","up_smash","missing","pending","not-integrated","0","",""
"nox-calder/unarmed/down_smash","fighter","nox-calder","down_smash","missing","pending","not-integrated","0","",""
"nox-calder/unarmed/throw_back","fighter","nox-calder","throw_back","missing","pending","not-integrated","0","",""
"nox-calder/unarmed/throw_up","fighter","nox-calder","throw_up","missing","pending","not-integrated","0","",""
"nox-calder/unarmed/throw_down","fighter","nox-calder","throw_down","missing","pending","not-integrated","0","",""
"nox-calder/unarmed/cast_forward","fighter","nox-calder","cast_forward","missing","pending","not-integrated","0","",""
"nox-calder/unarmed/cast_up","fighter","nox-calder","cast_up","missing","pending","not-integrated","0","",""
"nox-calder/unarmed/cast_down","fighter","nox-calder","cast_down","missing","pending","not-integrated","0","",""
"nox-calder/unarmed/cast_diagonal_up","fighter","nox-calder","cast_diagonal_up","missing","pending","not-integrated","0","",""
"nox-calder/unarmed/cast_diagonal_down","fighter","nox-calder","cast_diagonal_down","missing","pending","not-integrated","0","",""
"nox-calder/unarmed/pickup","fighter","nox-calder","pickup","missing","pending","not-integrated","0","",""
"nox-calder/unarmed/taunt","fighter","nox-calder","taunt","missing","pending","not-integrated","0","",""
"nox-calder/unarmed/idle_ready","fighter","nox-calder","idle_ready","missing","pending","not-integrated","0","",""
"nox-calder/unarmed/duck","fighter","nox-calder","duck","missing","pending","not-integrated","0","",""
"nox-calder/unarmed/crouch_idle","fighter","nox-calder","crouch_idle","missing","pending","not-integrated","0","",""
"nox-calder/unarmed/crouch_walk","fighter","nox-calder","crouch_walk","missing","pending","not-integrated","0","",""
"nox-calder/unarmed/hurt_crouch","fighter","nox-calder","hurt_crouch","missing","pending","not-integrated","0","",""
"nox-calder/unarmed/hurt_air","fighter","nox-calder","hurt_air","missing","pending","not-integrated","0","",""
"nox-calder/unarmed/hurt_back","fighter","nox-calder","hurt_back","missing","pending","not-integrated","0","",""
"nox-calder/unarmed/shield_hit","fighter","nox-calder","shield_hit","missing","pending","not-integrated","0","",""
"nox-calder/unarmed/shield_break","fighter","nox-calder","shield_break","missing","pending","not-integrated","0","",""
"nox-calder/unarmed/stun","fighter","nox-calder","stun","missing","pending","not-integrated","0","",""
"nox-calder/unarmed/frozen","fighter","nox-calder","frozen","missing","pending","not-integrated","0","",""
"nox-calder/unarmed/burning","fighter","nox-calder","burning","missing","pending","not-integrated","0","",""
"nox-calder/unarmed/grabbed","fighter","nox-calder","grabbed","missing","pending","not-integrated","0","",""
"nox-calder/unarmed/ledge_release","fighter","nox-calder","ledge_release","missing","pending","not-integrated","0","",""
"nox-calder/unarmed/defeat","fighter","nox-calder","defeat","missing","pending","not-integrated","0","",""
"nox-calder/unarmed/stand_up","fighter","nox-calder","stand_up","missing","pending","not-integrated","0","",""
"nox-calder/armed/idle","fighter","nox-calder","idle","missing","pending","not-integrated","0","",""
"nox-calder/armed/run","fighter","nox-calder","run","missing","pending","not-integrated","0","",""
"nox-calder/armed/jump","fighter","nox-calder","jump","missing","pending","not-integrated","0","",""
"nox-calder/armed/fall","fighter","nox-calder","fall","missing","pending","not-integrated","0","",""
"nox-calder/armed/land","fighter","nox-calder","land","missing","pending","not-integrated","0","",""
"nox-calder/armed/opener","fighter","nox-calder","opener","missing","pending","not-integrated","0","",""
"nox-calder/armed/launcher","fighter","nox-calder","launcher","missing","pending","not-integrated","0","",""
"nox-calder/armed/aerial","fighter","nox-calder","aerial","missing","pending","not-integrated","0","",""
"nox-calder/armed/finisher","fighter","nox-calder","finisher","missing","pending","not-integrated","0","",""
"nox-calder/armed/shield","fighter","nox-calder","shield","missing","pending","not-integrated","0","",""
"nox-calder/armed/dodge","fighter","nox-calder","dodge","missing","pending","not-integrated","0","",""
"nox-calder/armed/grab","fighter","nox-calder","grab","missing","pending","not-integrated","0","",""
"nox-calder/armed/throw_forward","fighter","nox-calder","throw_forward","missing","pending","not-integrated","0","",""
"nox-calder/armed/tactical","fighter","nox-calder","tactical","missing","pending","not-integrated","0","",""
"nox-calder/armed/ultimate","fighter","nox-calder","ultimate","missing","pending","not-integrated","0","",""
"nox-calder/armed/walk","fighter","nox-calder","walk","missing","pending","not-integrated","0","",""
"nox-calder/armed/dash","fighter","nox-calder","dash","missing","pending","not-integrated","0","",""
"nox-calder/armed/brake","fighter","nox-calder","brake","missing","pending","not-integrated","0","",""
"nox-calder/armed/double_jump","fighter","nox-calder","double_jump","missing","pending","not-integrated","0","",""
"nox-calder/armed/fast_fall","fighter","nox-calder","fast_fall","missing","pending","not-integrated","0","",""
"nox-calder/armed/air_dodge","fighter","nox-calder","air_dodge","missing","pending","not-integrated","0","",""
"nox-calder/armed/recovery","fighter","nox-calder","recovery","missing","pending","not-integrated","0","",""
"nox-calder/armed/wall_cling","fighter","nox-calder","wall_cling","missing","pending","not-integrated","0","",""
"nox-calder/armed/ledge_hang","fighter","nox-calder","ledge_hang","missing","pending","not-integrated","0","",""
"nox-calder/armed/ledge_climb","fighter","nox-calder","ledge_climb","missing","pending","not-integrated","0","",""
"nox-calder/armed/hurt","fighter","nox-calder","hurt","missing","pending","not-integrated","0","",""
"nox-calder/armed/tumble","fighter","nox-calder","tumble","missing","pending","not-integrated","0","",""
"nox-calder/armed/get_up","fighter","nox-calder","get_up","missing","pending","not-integrated","0","",""
"nox-calder/armed/ko","fighter","nox-calder","ko","missing","pending","not-integrated","0","",""
"nox-calder/armed/respawn","fighter","nox-calder","respawn","missing","pending","not-integrated","0","",""
"nox-calder/armed/victory","fighter","nox-calder","victory","missing","pending","not-integrated","0","",""
"nox-calder/armed/neutral_air","fighter","nox-calder","neutral_air","missing","pending","not-integrated","0","",""
"nox-calder/armed/back_air","fighter","nox-calder","back_air","missing","pending","not-integrated","0","",""
"nox-calder/armed/up_air","fighter","nox-calder","up_air","missing","pending","not-integrated","0","",""
"nox-calder/armed/down_air","fighter","nox-calder","down_air","missing","pending","not-integrated","0","",""
"nox-calder/armed/up_smash","fighter","nox-calder","up_smash","missing","pending","not-integrated","0","",""
"nox-calder/armed/down_smash","fighter","nox-calder","down_smash","missing","pending","not-integrated","0","",""
"nox-calder/armed/throw_back","fighter","nox-calder","throw_back","missing","pending","not-integrated","0","",""
"nox-calder/armed/throw_up","fighter","nox-calder","throw_up","missing","pending","not-integrated","0","",""
"nox-calder/armed/throw_down","fighter","nox-calder","throw_down","missing","pending","not-integrated","0","",""
"nox-calder/armed/cast_forward","fighter","nox-calder","cast_forward","missing","pending","not-integrated","0","",""
"nox-calder/armed/cast_up","fighter","nox-calder","cast_up","missing","pending","not-integrated","0","",""
"nox-calder/armed/cast_down","fighter","nox-calder","cast_down","missing","pending","not-integrated","0","",""
"nox-calder/armed/cast_diagonal_up","fighter","nox-calder","cast_diagonal_up","missing","pending","not-integrated","0","",""
"nox-calder/armed/cast_diagonal_down","fighter","nox-calder","cast_diagonal_down","missing","pending","not-integrated","0","",""
"nox-calder/armed/pickup","fighter","nox-calder","pickup","missing","pending","not-integrated","0","",""
"nox-calder/armed/taunt","fighter","nox-calder","taunt","missing","pending","not-integrated","0","",""
"nox-calder/armed/idle_ready","fighter","nox-calder","idle_ready","missing","pending","not-integrated","0","",""
"nox-calder/armed/duck","fighter","nox-calder","duck","missing","pending","not-integrated","0","",""
"nox-calder/armed/crouch_idle","fighter","nox-calder","crouch_idle","missing","pending","not-integrated","0","",""
"nox-calder/armed/crouch_walk","fighter","nox-calder","crouch_walk","missing","pending","not-integrated","0","",""
"nox-calder/armed/hurt_crouch","fighter","nox-calder","hurt_crouch","missing","pending","not-integrated","0","",""
"nox-calder/armed/hurt_air","fighter","nox-calder","hurt_air","missing","pending","not-integrated","0","",""
"nox-calder/armed/hurt_back","fighter","nox-calder","hurt_back","missing","pending","not-integrated","0","",""
"nox-calder/armed/shield_hit","fighter","nox-calder","shield_hit","missing","pending","not-integrated","0","",""
"nox-calder/armed/shield_break","fighter","nox-calder","shield_break","missing","pending","not-integrated","0","",""
"nox-calder/armed/stun","fighter","nox-calder","stun","missing","pending","not-integrated","0","",""
"nox-calder/armed/frozen","fighter","nox-calder","frozen","missing","pending","not-integrated","0","",""
"nox-calder/armed/burning","fighter","nox-calder","burning","missing","pending","not-integrated","0","",""
"nox-calder/armed/grabbed","fighter","nox-calder","grabbed","missing","pending","not-integrated","0","",""
"nox-calder/armed/ledge_release","fighter","nox-calder","ledge_release","missing","pending","not-integrated","0","",""
"nox-calder/armed/defeat","fighter","nox-calder","defeat","missing","pending","not-integrated","0","",""
"nox-calder/armed/stand_up","fighter","nox-calder","stand_up","missing","pending","not-integrated","0","",""
"edda-morrow/unarmed/idle","fighter","edda-morrow","idle","missing","pending","not-integrated","0","",""
"edda-morrow/unarmed/run","fighter","edda-morrow","run","missing","pending","not-integrated","0","",""
"edda-morrow/unarmed/jump","fighter","edda-morrow","jump","missing","pending","not-integrated","0","",""
"edda-morrow/unarmed/fall","fighter","edda-morrow","fall","missing","pending","not-integrated","0","",""
"edda-morrow/unarmed/land","fighter","edda-morrow","land","missing","pending","not-integrated","0","",""
"edda-morrow/unarmed/opener","fighter","edda-morrow","opener","missing","pending","not-integrated","0","",""
"edda-morrow/unarmed/launcher","fighter","edda-morrow","launcher","missing","pending","not-integrated","0","",""
"edda-morrow/unarmed/aerial","fighter","edda-morrow","aerial","missing","pending","not-integrated","0","",""
"edda-morrow/unarmed/finisher","fighter","edda-morrow","finisher","missing","pending","not-integrated","0","",""
"edda-morrow/unarmed/shield","fighter","edda-morrow","shield","missing","pending","not-integrated","0","",""
"edda-morrow/unarmed/dodge","fighter","edda-morrow","dodge","missing","pending","not-integrated","0","",""
"edda-morrow/unarmed/grab","fighter","edda-morrow","grab","missing","pending","not-integrated","0","",""
"edda-morrow/unarmed/throw_forward","fighter","edda-morrow","throw_forward","missing","pending","not-integrated","0","",""
"edda-morrow/unarmed/tactical","fighter","edda-morrow","tactical","missing","pending","not-integrated","0","",""
"edda-morrow/unarmed/ultimate","fighter","edda-morrow","ultimate","missing","pending","not-integrated","0","",""
"edda-morrow/unarmed/walk","fighter","edda-morrow","walk","missing","pending","not-integrated","0","",""
"edda-morrow/unarmed/dash","fighter","edda-morrow","dash","missing","pending","not-integrated","0","",""
"edda-morrow/unarmed/brake","fighter","edda-morrow","brake","missing","pending","not-integrated","0","",""
"edda-morrow/unarmed/double_jump","fighter","edda-morrow","double_jump","missing","pending","not-integrated","0","",""
"edda-morrow/unarmed/fast_fall","fighter","edda-morrow","fast_fall","missing","pending","not-integrated","0","",""
"edda-morrow/unarmed/air_dodge","fighter","edda-morrow","air_dodge","missing","pending","not-integrated","0","",""
"edda-morrow/unarmed/recovery","fighter","edda-morrow","recovery","missing","pending","not-integrated","0","",""
"edda-morrow/unarmed/wall_cling","fighter","edda-morrow","wall_cling","missing","pending","not-integrated","0","",""
"edda-morrow/unarmed/ledge_hang","fighter","edda-morrow","ledge_hang","missing","pending","not-integrated","0","",""
"edda-morrow/unarmed/ledge_climb","fighter","edda-morrow","ledge_climb","missing","pending","not-integrated","0","",""
"edda-morrow/unarmed/hurt","fighter","edda-morrow","hurt","missing","pending","not-integrated","0","",""
"edda-morrow/unarmed/tumble","fighter","edda-morrow","tumble","missing","pending","not-integrated","0","",""
"edda-morrow/unarmed/get_up","fighter","edda-morrow","get_up","missing","pending","not-integrated","0","",""
"edda-morrow/unarmed/ko","fighter","edda-morrow","ko","missing","pending","not-integrated","0","",""
"edda-morrow/unarmed/respawn","fighter","edda-morrow","respawn","missing","pending","not-integrated","0","",""
"edda-morrow/unarmed/victory","fighter","edda-morrow","victory","missing","pending","not-integrated","0","",""
"edda-morrow/unarmed/neutral_air","fighter","edda-morrow","neutral_air","missing","pending","not-integrated","0","",""
"edda-morrow/unarmed/back_air","fighter","edda-morrow","back_air","missing","pending","not-integrated","0","",""
"edda-morrow/unarmed/up_air","fighter","edda-morrow","up_air","missing","pending","not-integrated","0","",""
"edda-morrow/unarmed/down_air","fighter","edda-morrow","down_air","missing","pending","not-integrated","0","",""
"edda-morrow/unarmed/up_smash","fighter","edda-morrow","up_smash","missing","pending","not-integrated","0","",""
"edda-morrow/unarmed/down_smash","fighter","edda-morrow","down_smash","missing","pending","not-integrated","0","",""
"edda-morrow/unarmed/throw_back","fighter","edda-morrow","throw_back","missing","pending","not-integrated","0","",""
"edda-morrow/unarmed/throw_up","fighter","edda-morrow","throw_up","missing","pending","not-integrated","0","",""
"edda-morrow/unarmed/throw_down","fighter","edda-morrow","throw_down","missing","pending","not-integrated","0","",""
"edda-morrow/unarmed/cast_forward","fighter","edda-morrow","cast_forward","missing","pending","not-integrated","0","",""
"edda-morrow/unarmed/cast_up","fighter","edda-morrow","cast_up","missing","pending","not-integrated","0","",""
"edda-morrow/unarmed/cast_down","fighter","edda-morrow","cast_down","missing","pending","not-integrated","0","",""
"edda-morrow/unarmed/cast_diagonal_up","fighter","edda-morrow","cast_diagonal_up","missing","pending","not-integrated","0","",""
"edda-morrow/unarmed/cast_diagonal_down","fighter","edda-morrow","cast_diagonal_down","missing","pending","not-integrated","0","",""
"edda-morrow/unarmed/pickup","fighter","edda-morrow","pickup","missing","pending","not-integrated","0","",""
"edda-morrow/unarmed/taunt","fighter","edda-morrow","taunt","missing","pending","not-integrated","0","",""
"edda-morrow/unarmed/idle_ready","fighter","edda-morrow","idle_ready","missing","pending","not-integrated","0","",""
"edda-morrow/unarmed/duck","fighter","edda-morrow","duck","missing","pending","not-integrated","0","",""
"edda-morrow/unarmed/crouch_idle","fighter","edda-morrow","crouch_idle","missing","pending","not-integrated","0","",""
"edda-morrow/unarmed/crouch_walk","fighter","edda-morrow","crouch_walk","missing","pending","not-integrated","0","",""
"edda-morrow/unarmed/hurt_crouch","fighter","edda-morrow","hurt_crouch","missing","pending","not-integrated","0","",""
"edda-morrow/unarmed/hurt_air","fighter","edda-morrow","hurt_air","missing","pending","not-integrated","0","",""
"edda-morrow/unarmed/hurt_back","fighter","edda-morrow","hurt_back","missing","pending","not-integrated","0","",""
"edda-morrow/unarmed/shield_hit","fighter","edda-morrow","shield_hit","missing","pending","not-integrated","0","",""
"edda-morrow/unarmed/shield_break","fighter","edda-morrow","shield_break","missing","pending","not-integrated","0","",""
"edda-morrow/unarmed/stun","fighter","edda-morrow","stun","missing","pending","not-integrated","0","",""
"edda-morrow/unarmed/frozen","fighter","edda-morrow","frozen","missing","pending","not-integrated","0","",""
"edda-morrow/unarmed/burning","fighter","edda-morrow","burning","missing","pending","not-integrated","0","",""
"edda-morrow/unarmed/grabbed","fighter","edda-morrow","grabbed","missing","pending","not-integrated","0","",""
"edda-morrow/unarmed/ledge_release","fighter","edda-morrow","ledge_release","missing","pending","not-integrated","0","",""
"edda-morrow/unarmed/defeat","fighter","edda-morrow","defeat","missing","pending","not-integrated","0","",""
"edda-morrow/unarmed/stand_up","fighter","edda-morrow","stand_up","missing","pending","not-integrated","0","",""
"edda-morrow/armed/idle","fighter","edda-morrow","idle","missing","pending","not-integrated","0","",""
"edda-morrow/armed/run","fighter","edda-morrow","run","missing","pending","not-integrated","0","",""
"edda-morrow/armed/jump","fighter","edda-morrow","jump","missing","pending","not-integrated","0","",""
"edda-morrow/armed/fall","fighter","edda-morrow","fall","missing","pending","not-integrated","0","",""
"edda-morrow/armed/land","fighter","edda-morrow","land","missing","pending","not-integrated","0","",""
"edda-morrow/armed/opener","fighter","edda-morrow","opener","missing","pending","not-integrated","0","",""
"edda-morrow/armed/launcher","fighter","edda-morrow","launcher","missing","pending","not-integrated","0","",""
"edda-morrow/armed/aerial","fighter","edda-morrow","aerial","missing","pending","not-integrated","0","",""
"edda-morrow/armed/finisher","fighter","edda-morrow","finisher","missing","pending","not-integrated","0","",""
"edda-morrow/armed/shield","fighter","edda-morrow","shield","missing","pending","not-integrated","0","",""
"edda-morrow/armed/dodge","fighter","edda-morrow","dodge","missing","pending","not-integrated","0","",""
"edda-morrow/armed/grab","fighter","edda-morrow","grab","missing","pending","not-integrated","0","",""
"edda-morrow/armed/throw_forward","fighter","edda-morrow","throw_forward","missing","pending","not-integrated","0","",""
"edda-morrow/armed/tactical","fighter","edda-morrow","tactical","missing","pending","not-integrated","0","",""
"edda-morrow/armed/ultimate","fighter","edda-morrow","ultimate","missing","pending","not-integrated","0","",""
"edda-morrow/armed/walk","fighter","edda-morrow","walk","missing","pending","not-integrated","0","",""
"edda-morrow/armed/dash","fighter","edda-morrow","dash","missing","pending","not-integrated","0","",""
"edda-morrow/armed/brake","fighter","edda-morrow","brake","missing","pending","not-integrated","0","",""
"edda-morrow/armed/double_jump","fighter","edda-morrow","double_jump","missing","pending","not-integrated","0","",""
"edda-morrow/armed/fast_fall","fighter","edda-morrow","fast_fall","missing","pending","not-integrated","0","",""
"edda-morrow/armed/air_dodge","fighter","edda-morrow","air_dodge","missing","pending","not-integrated","0","",""
"edda-morrow/armed/recovery","fighter","edda-morrow","recovery","missing","pending","not-integrated","0","",""
"edda-morrow/armed/wall_cling","fighter","edda-morrow","wall_cling","missing","pending","not-integrated","0","",""
"edda-morrow/armed/ledge_hang","fighter","edda-morrow","ledge_hang","missing","pending","not-integrated","0","",""
"edda-morrow/armed/ledge_climb","fighter","edda-morrow","ledge_climb","missing","pending","not-integrated","0","",""
"edda-morrow/armed/hurt","fighter","edda-morrow","hurt","missing","pending","not-integrated","0","",""
"edda-morrow/armed/tumble","fighter","edda-morrow","tumble","missing","pending","not-integrated","0","",""
"edda-morrow/armed/get_up","fighter","edda-morrow","get_up","missing","pending","not-integrated","0","",""
"edda-morrow/armed/ko","fighter","edda-morrow","ko","missing","pending","not-integrated","0","",""
"edda-morrow/armed/respawn","fighter","edda-morrow","respawn","missing","pending","not-integrated","0","",""
"edda-morrow/armed/victory","fighter","edda-morrow","victory","missing","pending","not-integrated","0","",""
"edda-morrow/armed/neutral_air","fighter","edda-morrow","neutral_air","missing","pending","not-integrated","0","",""
"edda-morrow/armed/back_air","fighter","edda-morrow","back_air","missing","pending","not-integrated","0","",""
"edda-morrow/armed/up_air","fighter","edda-morrow","up_air","missing","pending","not-integrated","0","",""
"edda-morrow/armed/down_air","fighter","edda-morrow","down_air","missing","pending","not-integrated","0","",""
"edda-morrow/armed/up_smash","fighter","edda-morrow","up_smash","missing","pending","not-integrated","0","",""
"edda-morrow/armed/down_smash","fighter","edda-morrow","down_smash","missing","pending","not-integrated","0","",""
"edda-morrow/armed/throw_back","fighter","edda-morrow","throw_back","missing","pending","not-integrated","0","",""
"edda-morrow/armed/throw_up","fighter","edda-morrow","throw_up","missing","pending","not-integrated","0","",""
"edda-morrow/armed/throw_down","fighter","edda-morrow","throw_down","missing","pending","not-integrated","0","",""
"edda-morrow/armed/cast_forward","fighter","edda-morrow","cast_forward","missing","pending","not-integrated","0","",""
"edda-morrow/armed/cast_up","fighter","edda-morrow","cast_up","missing","pending","not-integrated","0","",""
"edda-morrow/armed/cast_down","fighter","edda-morrow","cast_down","missing","pending","not-integrated","0","",""
"edda-morrow/armed/cast_diagonal_up","fighter","edda-morrow","cast_diagonal_up","missing","pending","not-integrated","0","",""
"edda-morrow/armed/cast_diagonal_down","fighter","edda-morrow","cast_diagonal_down","missing","pending","not-integrated","0","",""
"edda-morrow/armed/pickup","fighter","edda-morrow","pickup","missing","pending","not-integrated","0","",""
"edda-morrow/armed/taunt","fighter","edda-morrow","taunt","missing","pending","not-integrated","0","",""
"edda-morrow/armed/idle_ready","fighter","edda-morrow","idle_ready","missing","pending","not-integrated","0","",""
"edda-morrow/armed/duck","fighter","edda-morrow","duck","missing","pending","not-integrated","0","",""
"edda-morrow/armed/crouch_idle","fighter","edda-morrow","crouch_idle","missing","pending","not-integrated","0","",""
"edda-morrow/armed/crouch_walk","fighter","edda-morrow","crouch_walk","missing","pending","not-integrated","0","",""
"edda-morrow/armed/hurt_crouch","fighter","edda-morrow","hurt_crouch","missing","pending","not-integrated","0","",""
"edda-morrow/armed/hurt_air","fighter","edda-morrow","hurt_air","missing","pending","not-integrated","0","",""
"edda-morrow/armed/hurt_back","fighter","edda-morrow","hurt_back","missing","pending","not-integrated","0","",""
"edda-morrow/armed/shield_hit","fighter","edda-morrow","shield_hit","missing","pending","not-integrated","0","",""
"edda-morrow/armed/shield_break","fighter","edda-morrow","shield_break","missing","pending","not-integrated","0","",""
"edda-morrow/armed/stun","fighter","edda-morrow","stun","missing","pending","not-integrated","0","",""
"edda-morrow/armed/frozen","fighter","edda-morrow","frozen","missing","pending","not-integrated","0","",""
"edda-morrow/armed/burning","fighter","edda-morrow","burning","missing","pending","not-integrated","0","",""
"edda-morrow/armed/grabbed","fighter","edda-morrow","grabbed","missing","pending","not-integrated","0","",""
"edda-morrow/armed/ledge_release","fighter","edda-morrow","ledge_release","missing","pending","not-integrated","0","",""
"edda-morrow/armed/defeat","fighter","edda-morrow","defeat","missing","pending","not-integrated","0","",""
"edda-morrow/armed/stand_up","fighter","edda-morrow","stand_up","missing","pending","not-integrated","0","",""
"selene-wraith/unarmed/idle","fighter","selene-wraith","idle","missing","pending","not-integrated","0","",""
"selene-wraith/unarmed/run","fighter","selene-wraith","run","missing","pending","not-integrated","0","",""
"selene-wraith/unarmed/jump","fighter","selene-wraith","jump","missing","pending","not-integrated","0","",""
"selene-wraith/unarmed/fall","fighter","selene-wraith","fall","missing","pending","not-integrated","0","",""
"selene-wraith/unarmed/land","fighter","selene-wraith","land","missing","pending","not-integrated","0","",""
"selene-wraith/unarmed/opener","fighter","selene-wraith","opener","missing","pending","not-integrated","0","",""
"selene-wraith/unarmed/launcher","fighter","selene-wraith","launcher","missing","pending","not-integrated","0","",""
"selene-wraith/unarmed/aerial","fighter","selene-wraith","aerial","missing","pending","not-integrated","0","",""
"selene-wraith/unarmed/finisher","fighter","selene-wraith","finisher","missing","pending","not-integrated","0","",""
"selene-wraith/unarmed/shield","fighter","selene-wraith","shield","missing","pending","not-integrated","0","",""
"selene-wraith/unarmed/dodge","fighter","selene-wraith","dodge","missing","pending","not-integrated","0","",""
"selene-wraith/unarmed/grab","fighter","selene-wraith","grab","missing","pending","not-integrated","0","",""
"selene-wraith/unarmed/throw_forward","fighter","selene-wraith","throw_forward","missing","pending","not-integrated","0","",""
"selene-wraith/unarmed/tactical","fighter","selene-wraith","tactical","missing","pending","not-integrated","0","",""
"selene-wraith/unarmed/ultimate","fighter","selene-wraith","ultimate","missing","pending","not-integrated","0","",""
"selene-wraith/unarmed/walk","fighter","selene-wraith","walk","missing","pending","not-integrated","0","",""
"selene-wraith/unarmed/dash","fighter","selene-wraith","dash","missing","pending","not-integrated","0","",""
"selene-wraith/unarmed/brake","fighter","selene-wraith","brake","missing","pending","not-integrated","0","",""
"selene-wraith/unarmed/double_jump","fighter","selene-wraith","double_jump","missing","pending","not-integrated","0","",""
"selene-wraith/unarmed/fast_fall","fighter","selene-wraith","fast_fall","missing","pending","not-integrated","0","",""
"selene-wraith/unarmed/air_dodge","fighter","selene-wraith","air_dodge","missing","pending","not-integrated","0","",""
"selene-wraith/unarmed/recovery","fighter","selene-wraith","recovery","missing","pending","not-integrated","0","",""
"selene-wraith/unarmed/wall_cling","fighter","selene-wraith","wall_cling","missing","pending","not-integrated","0","",""
"selene-wraith/unarmed/ledge_hang","fighter","selene-wraith","ledge_hang","missing","pending","not-integrated","0","",""
"selene-wraith/unarmed/ledge_climb","fighter","selene-wraith","ledge_climb","missing","pending","not-integrated","0","",""
"selene-wraith/unarmed/hurt","fighter","selene-wraith","hurt","missing","pending","not-integrated","0","",""
"selene-wraith/unarmed/tumble","fighter","selene-wraith","tumble","missing","pending","not-integrated","0","",""
"selene-wraith/unarmed/get_up","fighter","selene-wraith","get_up","missing","pending","not-integrated","0","",""
"selene-wraith/unarmed/ko","fighter","selene-wraith","ko","missing","pending","not-integrated","0","",""
"selene-wraith/unarmed/respawn","fighter","selene-wraith","respawn","missing","pending","not-integrated","0","",""
"selene-wraith/unarmed/victory","fighter","selene-wraith","victory","missing","pending","not-integrated","0","",""
"selene-wraith/unarmed/neutral_air","fighter","selene-wraith","neutral_air","missing","pending","not-integrated","0","",""
"selene-wraith/unarmed/back_air","fighter","selene-wraith","back_air","missing","pending","not-integrated","0","",""
"selene-wraith/unarmed/up_air","fighter","selene-wraith","up_air","missing","pending","not-integrated","0","",""
"selene-wraith/unarmed/down_air","fighter","selene-wraith","down_air","missing","pending","not-integrated","0","",""
"selene-wraith/unarmed/up_smash","fighter","selene-wraith","up_smash","missing","pending","not-integrated","0","",""
"selene-wraith/unarmed/down_smash","fighter","selene-wraith","down_smash","missing","pending","not-integrated","0","",""
"selene-wraith/unarmed/throw_back","fighter","selene-wraith","throw_back","missing","pending","not-integrated","0","",""
"selene-wraith/unarmed/throw_up","fighter","selene-wraith","throw_up","missing","pending","not-integrated","0","",""
"selene-wraith/unarmed/throw_down","fighter","selene-wraith","throw_down","missing","pending","not-integrated","0","",""
"selene-wraith/unarmed/cast_forward","fighter","selene-wraith","cast_forward","missing","pending","not-integrated","0","",""
"selene-wraith/unarmed/cast_up","fighter","selene-wraith","cast_up","missing","pending","not-integrated","0","",""
"selene-wraith/unarmed/cast_down","fighter","selene-wraith","cast_down","missing","pending","not-integrated","0","",""
"selene-wraith/unarmed/cast_diagonal_up","fighter","selene-wraith","cast_diagonal_up","missing","pending","not-integrated","0","",""
"selene-wraith/unarmed/cast_diagonal_down","fighter","selene-wraith","cast_diagonal_down","missing","pending","not-integrated","0","",""
"selene-wraith/unarmed/pickup","fighter","selene-wraith","pickup","missing","pending","not-integrated","0","",""
"selene-wraith/unarmed/taunt","fighter","selene-wraith","taunt","missing","pending","not-integrated","0","",""
"selene-wraith/unarmed/idle_ready","fighter","selene-wraith","idle_ready","missing","pending","not-integrated","0","",""
"selene-wraith/unarmed/duck","fighter","selene-wraith","duck","missing","pending","not-integrated","0","",""
"selene-wraith/unarmed/crouch_idle","fighter","selene-wraith","crouch_idle","missing","pending","not-integrated","0","",""
"selene-wraith/unarmed/crouch_walk","fighter","selene-wraith","crouch_walk","missing","pending","not-integrated","0","",""
"selene-wraith/unarmed/hurt_crouch","fighter","selene-wraith","hurt_crouch","missing","pending","not-integrated","0","",""
"selene-wraith/unarmed/hurt_air","fighter","selene-wraith","hurt_air","missing","pending","not-integrated","0","",""
"selene-wraith/unarmed/hurt_back","fighter","selene-wraith","hurt_back","missing","pending","not-integrated","0","",""
"selene-wraith/unarmed/shield_hit","fighter","selene-wraith","shield_hit","missing","pending","not-integrated","0","",""
"selene-wraith/unarmed/shield_break","fighter","selene-wraith","shield_break","missing","pending","not-integrated","0","",""
"selene-wraith/unarmed/stun","fighter","selene-wraith","stun","missing","pending","not-integrated","0","",""
"selene-wraith/unarmed/frozen","fighter","selene-wraith","frozen","missing","pending","not-integrated","0","",""
"selene-wraith/unarmed/burning","fighter","selene-wraith","burning","missing","pending","not-integrated","0","",""
"selene-wraith/unarmed/grabbed","fighter","selene-wraith","grabbed","missing","pending","not-integrated","0","",""
"selene-wraith/unarmed/ledge_release","fighter","selene-wraith","ledge_release","missing","pending","not-integrated","0","",""
"selene-wraith/unarmed/defeat","fighter","selene-wraith","defeat","missing","pending","not-integrated","0","",""
"selene-wraith/unarmed/stand_up","fighter","selene-wraith","stand_up","missing","pending","not-integrated","0","",""
"selene-wraith/armed/idle","fighter","selene-wraith","idle","missing","pending","not-integrated","0","",""
"selene-wraith/armed/run","fighter","selene-wraith","run","missing","pending","not-integrated","0","",""
"selene-wraith/armed/jump","fighter","selene-wraith","jump","missing","pending","not-integrated","0","",""
"selene-wraith/armed/fall","fighter","selene-wraith","fall","missing","pending","not-integrated","0","",""
"selene-wraith/armed/land","fighter","selene-wraith","land","missing","pending","not-integrated","0","",""
"selene-wraith/armed/opener","fighter","selene-wraith","opener","missing","pending","not-integrated","0","",""
"selene-wraith/armed/launcher","fighter","selene-wraith","launcher","missing","pending","not-integrated","0","",""
"selene-wraith/armed/aerial","fighter","selene-wraith","aerial","missing","pending","not-integrated","0","",""
"selene-wraith/armed/finisher","fighter","selene-wraith","finisher","missing","pending","not-integrated","0","",""
"selene-wraith/armed/shield","fighter","selene-wraith","shield","missing","pending","not-integrated","0","",""
"selene-wraith/armed/dodge","fighter","selene-wraith","dodge","missing","pending","not-integrated","0","",""
"selene-wraith/armed/grab","fighter","selene-wraith","grab","missing","pending","not-integrated","0","",""
"selene-wraith/armed/throw_forward","fighter","selene-wraith","throw_forward","missing","pending","not-integrated","0","",""
"selene-wraith/armed/tactical","fighter","selene-wraith","tactical","missing","pending","not-integrated","0","",""
"selene-wraith/armed/ultimate","fighter","selene-wraith","ultimate","missing","pending","not-integrated","0","",""
"selene-wraith/armed/walk","fighter","selene-wraith","walk","missing","pending","not-integrated","0","",""
"selene-wraith/armed/dash","fighter","selene-wraith","dash","missing","pending","not-integrated","0","",""
"selene-wraith/armed/brake","fighter","selene-wraith","brake","missing","pending","not-integrated","0","",""
"selene-wraith/armed/double_jump","fighter","selene-wraith","double_jump","missing","pending","not-integrated","0","",""
"selene-wraith/armed/fast_fall","fighter","selene-wraith","fast_fall","missing","pending","not-integrated","0","",""
"selene-wraith/armed/air_dodge","fighter","selene-wraith","air_dodge","missing","pending","not-integrated","0","",""
"selene-wraith/armed/recovery","fighter","selene-wraith","recovery","missing","pending","not-integrated","0","",""
"selene-wraith/armed/wall_cling","fighter","selene-wraith","wall_cling","missing","pending","not-integrated","0","",""
"selene-wraith/armed/ledge_hang","fighter","selene-wraith","ledge_hang","missing","pending","not-integrated","0","",""
"selene-wraith/armed/ledge_climb","fighter","selene-wraith","ledge_climb","missing","pending","not-integrated","0","",""
"selene-wraith/armed/hurt","fighter","selene-wraith","hurt","missing","pending","not-integrated","0","",""
"selene-wraith/armed/tumble","fighter","selene-wraith","tumble","missing","pending","not-integrated","0","",""
"selene-wraith/armed/get_up","fighter","selene-wraith","get_up","missing","pending","not-integrated","0","",""
"selene-wraith/armed/ko","fighter","selene-wraith","ko","missing","pending","not-integrated","0","",""
"selene-wraith/armed/respawn","fighter","selene-wraith","respawn","missing","pending","not-integrated","0","",""
"selene-wraith/armed/victory","fighter","selene-wraith","victory","missing","pending","not-integrated","0","",""
"selene-wraith/armed/neutral_air","fighter","selene-wraith","neutral_air","missing","pending","not-integrated","0","",""
"selene-wraith/armed/back_air","fighter","selene-wraith","back_air","missing","pending","not-integrated","0","",""
"selene-wraith/armed/up_air","fighter","selene-wraith","up_air","missing","pending","not-integrated","0","",""
"selene-wraith/armed/down_air","fighter","selene-wraith","down_air","missing","pending","not-integrated","0","",""
"selene-wraith/armed/up_smash","fighter","selene-wraith","up_smash","missing","pending","not-integrated","0","",""
"selene-wraith/armed/down_smash","fighter","selene-wraith","down_smash","missing","pending","not-integrated","0","",""
"selene-wraith/armed/throw_back","fighter","selene-wraith","throw_back","missing","pending","not-integrated","0","",""
"selene-wraith/armed/throw_up","fighter","selene-wraith","throw_up","missing","pending","not-integrated","0","",""
"selene-wraith/armed/throw_down","fighter","selene-wraith","throw_down","missing","pending","not-integrated","0","",""
"selene-wraith/armed/cast_forward","fighter","selene-wraith","cast_forward","missing","pending","not-integrated","0","",""
"selene-wraith/armed/cast_up","fighter","selene-wraith","cast_up","missing","pending","not-integrated","0","",""
"selene-wraith/armed/cast_down","fighter","selene-wraith","cast_down","missing","pending","not-integrated","0","",""
"selene-wraith/armed/cast_diagonal_up","fighter","selene-wraith","cast_diagonal_up","missing","pending","not-integrated","0","",""
"selene-wraith/armed/cast_diagonal_down","fighter","selene-wraith","cast_diagonal_down","missing","pending","not-integrated","0","",""
"selene-wraith/armed/pickup","fighter","selene-wraith","pickup","missing","pending","not-integrated","0","",""
"selene-wraith/armed/taunt","fighter","selene-wraith","taunt","missing","pending","not-integrated","0","",""
"selene-wraith/armed/idle_ready","fighter","selene-wraith","idle_ready","missing","pending","not-integrated","0","",""
"selene-wraith/armed/duck","fighter","selene-wraith","duck","missing","pending","not-integrated","0","",""
"selene-wraith/armed/crouch_idle","fighter","selene-wraith","crouch_idle","missing","pending","not-integrated","0","",""
"selene-wraith/armed/crouch_walk","fighter","selene-wraith","crouch_walk","missing","pending","not-integrated","0","",""
"selene-wraith/armed/hurt_crouch","fighter","selene-wraith","hurt_crouch","missing","pending","not-integrated","0","",""
"selene-wraith/armed/hurt_air","fighter","selene-wraith","hurt_air","missing","pending","not-integrated","0","",""
"selene-wraith/armed/hurt_back","fighter","selene-wraith","hurt_back","missing","pending","not-integrated","0","",""
"selene-wraith/armed/shield_hit","fighter","selene-wraith","shield_hit","missing","pending","not-integrated","0","",""
"selene-wraith/armed/shield_break","fighter","selene-wraith","shield_break","missing","pending","not-integrated","0","",""
"selene-wraith/armed/stun","fighter","selene-wraith","stun","missing","pending","not-integrated","0","",""
"selene-wraith/armed/frozen","fighter","selene-wraith","frozen","missing","pending","not-integrated","0","",""
"selene-wraith/armed/burning","fighter","selene-wraith","burning","missing","pending","not-integrated","0","",""
"selene-wraith/armed/grabbed","fighter","selene-wraith","grabbed","missing","pending","not-integrated","0","",""
"selene-wraith/armed/ledge_release","fighter","selene-wraith","ledge_release","missing","pending","not-integrated","0","",""
"selene-wraith/armed/defeat","fighter","selene-wraith","defeat","missing","pending","not-integrated","0","",""
"selene-wraith/armed/stand_up","fighter","selene-wraith","stand_up","missing","pending","not-integrated","0","",""
"rusk-emberjaw/unarmed/idle","fighter","rusk-emberjaw","idle","missing","pending","not-integrated","0","",""
"rusk-emberjaw/unarmed/run","fighter","rusk-emberjaw","run","missing","pending","not-integrated","0","",""
"rusk-emberjaw/unarmed/jump","fighter","rusk-emberjaw","jump","missing","pending","not-integrated","0","",""
"rusk-emberjaw/unarmed/fall","fighter","rusk-emberjaw","fall","missing","pending","not-integrated","0","",""
"rusk-emberjaw/unarmed/land","fighter","rusk-emberjaw","land","missing","pending","not-integrated","0","",""
"rusk-emberjaw/unarmed/opener","fighter","rusk-emberjaw","opener","missing","pending","not-integrated","0","",""
"rusk-emberjaw/unarmed/launcher","fighter","rusk-emberjaw","launcher","missing","pending","not-integrated","0","",""
"rusk-emberjaw/unarmed/aerial","fighter","rusk-emberjaw","aerial","missing","pending","not-integrated","0","",""
"rusk-emberjaw/unarmed/finisher","fighter","rusk-emberjaw","finisher","missing","pending","not-integrated","0","",""
"rusk-emberjaw/unarmed/shield","fighter","rusk-emberjaw","shield","missing","pending","not-integrated","0","",""
"rusk-emberjaw/unarmed/dodge","fighter","rusk-emberjaw","dodge","missing","pending","not-integrated","0","",""
"rusk-emberjaw/unarmed/grab","fighter","rusk-emberjaw","grab","missing","pending","not-integrated","0","",""
"rusk-emberjaw/unarmed/throw_forward","fighter","rusk-emberjaw","throw_forward","missing","pending","not-integrated","0","",""
"rusk-emberjaw/unarmed/tactical","fighter","rusk-emberjaw","tactical","missing","pending","not-integrated","0","",""
"rusk-emberjaw/unarmed/ultimate","fighter","rusk-emberjaw","ultimate","missing","pending","not-integrated","0","",""
"rusk-emberjaw/unarmed/walk","fighter","rusk-emberjaw","walk","missing","pending","not-integrated","0","",""
"rusk-emberjaw/unarmed/dash","fighter","rusk-emberjaw","dash","missing","pending","not-integrated","0","",""
"rusk-emberjaw/unarmed/brake","fighter","rusk-emberjaw","brake","missing","pending","not-integrated","0","",""
"rusk-emberjaw/unarmed/double_jump","fighter","rusk-emberjaw","double_jump","missing","pending","not-integrated","0","",""
"rusk-emberjaw/unarmed/fast_fall","fighter","rusk-emberjaw","fast_fall","missing","pending","not-integrated","0","",""
"rusk-emberjaw/unarmed/air_dodge","fighter","rusk-emberjaw","air_dodge","missing","pending","not-integrated","0","",""
"rusk-emberjaw/unarmed/recovery","fighter","rusk-emberjaw","recovery","missing","pending","not-integrated","0","",""
"rusk-emberjaw/unarmed/wall_cling","fighter","rusk-emberjaw","wall_cling","missing","pending","not-integrated","0","",""
"rusk-emberjaw/unarmed/ledge_hang","fighter","rusk-emberjaw","ledge_hang","missing","pending","not-integrated","0","",""
"rusk-emberjaw/unarmed/ledge_climb","fighter","rusk-emberjaw","ledge_climb","missing","pending","not-integrated","0","",""
"rusk-emberjaw/unarmed/hurt","fighter","rusk-emberjaw","hurt","missing","pending","not-integrated","0","",""
"rusk-emberjaw/unarmed/tumble","fighter","rusk-emberjaw","tumble","missing","pending","not-integrated","0","",""
"rusk-emberjaw/unarmed/get_up","fighter","rusk-emberjaw","get_up","missing","pending","not-integrated","0","",""
"rusk-emberjaw/unarmed/ko","fighter","rusk-emberjaw","ko","missing","pending","not-integrated","0","",""
"rusk-emberjaw/unarmed/respawn","fighter","rusk-emberjaw","respawn","missing","pending","not-integrated","0","",""
"rusk-emberjaw/unarmed/victory","fighter","rusk-emberjaw","victory","missing","pending","not-integrated","0","",""
"rusk-emberjaw/unarmed/neutral_air","fighter","rusk-emberjaw","neutral_air","missing","pending","not-integrated","0","",""
"rusk-emberjaw/unarmed/back_air","fighter","rusk-emberjaw","back_air","missing","pending","not-integrated","0","",""
"rusk-emberjaw/unarmed/up_air","fighter","rusk-emberjaw","up_air","missing","pending","not-integrated","0","",""
"rusk-emberjaw/unarmed/down_air","fighter","rusk-emberjaw","down_air","missing","pending","not-integrated","0","",""
"rusk-emberjaw/unarmed/up_smash","fighter","rusk-emberjaw","up_smash","missing","pending","not-integrated","0","",""
"rusk-emberjaw/unarmed/down_smash","fighter","rusk-emberjaw","down_smash","missing","pending","not-integrated","0","",""
"rusk-emberjaw/unarmed/throw_back","fighter","rusk-emberjaw","throw_back","missing","pending","not-integrated","0","",""
"rusk-emberjaw/unarmed/throw_up","fighter","rusk-emberjaw","throw_up","missing","pending","not-integrated","0","",""
"rusk-emberjaw/unarmed/throw_down","fighter","rusk-emberjaw","throw_down","missing","pending","not-integrated","0","",""
"rusk-emberjaw/unarmed/cast_forward","fighter","rusk-emberjaw","cast_forward","missing","pending","not-integrated","0","",""
"rusk-emberjaw/unarmed/cast_up","fighter","rusk-emberjaw","cast_up","missing","pending","not-integrated","0","",""
"rusk-emberjaw/unarmed/cast_down","fighter","rusk-emberjaw","cast_down","missing","pending","not-integrated","0","",""
"rusk-emberjaw/unarmed/cast_diagonal_up","fighter","rusk-emberjaw","cast_diagonal_up","missing","pending","not-integrated","0","",""
"rusk-emberjaw/unarmed/cast_diagonal_down","fighter","rusk-emberjaw","cast_diagonal_down","missing","pending","not-integrated","0","",""
"rusk-emberjaw/unarmed/pickup","fighter","rusk-emberjaw","pickup","missing","pending","not-integrated","0","",""
"rusk-emberjaw/unarmed/taunt","fighter","rusk-emberjaw","taunt","missing","pending","not-integrated","0","",""
"rusk-emberjaw/unarmed/idle_ready","fighter","rusk-emberjaw","idle_ready","missing","pending","not-integrated","0","",""
"rusk-emberjaw/unarmed/duck","fighter","rusk-emberjaw","duck","missing","pending","not-integrated","0","",""
"rusk-emberjaw/unarmed/crouch_idle","fighter","rusk-emberjaw","crouch_idle","missing","pending","not-integrated","0","",""
"rusk-emberjaw/unarmed/crouch_walk","fighter","rusk-emberjaw","crouch_walk","missing","pending","not-integrated","0","",""
"rusk-emberjaw/unarmed/hurt_crouch","fighter","rusk-emberjaw","hurt_crouch","missing","pending","not-integrated","0","",""
"rusk-emberjaw/unarmed/hurt_air","fighter","rusk-emberjaw","hurt_air","missing","pending","not-integrated","0","",""
"rusk-emberjaw/unarmed/hurt_back","fighter","rusk-emberjaw","hurt_back","missing","pending","not-integrated","0","",""
"rusk-emberjaw/unarmed/shield_hit","fighter","rusk-emberjaw","shield_hit","missing","pending","not-integrated","0","",""
"rusk-emberjaw/unarmed/shield_break","fighter","rusk-emberjaw","shield_break","missing","pending","not-integrated","0","",""
"rusk-emberjaw/unarmed/stun","fighter","rusk-emberjaw","stun","missing","pending","not-integrated","0","",""
"rusk-emberjaw/unarmed/frozen","fighter","rusk-emberjaw","frozen","missing","pending","not-integrated","0","",""
"rusk-emberjaw/unarmed/burning","fighter","rusk-emberjaw","burning","missing","pending","not-integrated","0","",""
"rusk-emberjaw/unarmed/grabbed","fighter","rusk-emberjaw","grabbed","missing","pending","not-integrated","0","",""
"rusk-emberjaw/unarmed/ledge_release","fighter","rusk-emberjaw","ledge_release","missing","pending","not-integrated","0","",""
"rusk-emberjaw/unarmed/defeat","fighter","rusk-emberjaw","defeat","missing","pending","not-integrated","0","",""
"rusk-emberjaw/unarmed/stand_up","fighter","rusk-emberjaw","stand_up","missing","pending","not-integrated","0","",""
"rusk-emberjaw/armed/idle","fighter","rusk-emberjaw","idle","missing","pending","not-integrated","0","",""
"rusk-emberjaw/armed/run","fighter","rusk-emberjaw","run","missing","pending","not-integrated","0","",""
"rusk-emberjaw/armed/jump","fighter","rusk-emberjaw","jump","missing","pending","not-integrated","0","",""
"rusk-emberjaw/armed/fall","fighter","rusk-emberjaw","fall","missing","pending","not-integrated","0","",""
"rusk-emberjaw/armed/land","fighter","rusk-emberjaw","land","missing","pending","not-integrated","0","",""
"rusk-emberjaw/armed/opener","fighter","rusk-emberjaw","opener","missing","pending","not-integrated","0","",""
"rusk-emberjaw/armed/launcher","fighter","rusk-emberjaw","launcher","missing","pending","not-integrated","0","",""
"rusk-emberjaw/armed/aerial","fighter","rusk-emberjaw","aerial","missing","pending","not-integrated","0","",""
"rusk-emberjaw/armed/finisher","fighter","rusk-emberjaw","finisher","missing","pending","not-integrated","0","",""
"rusk-emberjaw/armed/shield","fighter","rusk-emberjaw","shield","missing","pending","not-integrated","0","",""
"rusk-emberjaw/armed/dodge","fighter","rusk-emberjaw","dodge","missing","pending","not-integrated","0","",""
"rusk-emberjaw/armed/grab","fighter","rusk-emberjaw","grab","missing","pending","not-integrated","0","",""
"rusk-emberjaw/armed/throw_forward","fighter","rusk-emberjaw","throw_forward","missing","pending","not-integrated","0","",""
"rusk-emberjaw/armed/tactical","fighter","rusk-emberjaw","tactical","missing","pending","not-integrated","0","",""
"rusk-emberjaw/armed/ultimate","fighter","rusk-emberjaw","ultimate","missing","pending","not-integrated","0","",""
"rusk-emberjaw/armed/walk","fighter","rusk-emberjaw","walk","missing","pending","not-integrated","0","",""
"rusk-emberjaw/armed/dash","fighter","rusk-emberjaw","dash","missing","pending","not-integrated","0","",""
"rusk-emberjaw/armed/brake","fighter","rusk-emberjaw","brake","missing","pending","not-integrated","0","",""
"rusk-emberjaw/armed/double_jump","fighter","rusk-emberjaw","double_jump","missing","pending","not-integrated","0","",""
"rusk-emberjaw/armed/fast_fall","fighter","rusk-emberjaw","fast_fall","missing","pending","not-integrated","0","",""
"rusk-emberjaw/armed/air_dodge","fighter","rusk-emberjaw","air_dodge","missing","pending","not-integrated","0","",""
"rusk-emberjaw/armed/recovery","fighter","rusk-emberjaw","recovery","missing","pending","not-integrated","0","",""
"rusk-emberjaw/armed/wall_cling","fighter","rusk-emberjaw","wall_cling","missing","pending","not-integrated","0","",""
"rusk-emberjaw/armed/ledge_hang","fighter","rusk-emberjaw","ledge_hang","missing","pending","not-integrated","0","",""
"rusk-emberjaw/armed/ledge_climb","fighter","rusk-emberjaw","ledge_climb","missing","pending","not-integrated","0","",""
"rusk-emberjaw/armed/hurt","fighter","rusk-emberjaw","hurt","missing","pending","not-integrated","0","",""
"rusk-emberjaw/armed/tumble","fighter","rusk-emberjaw","tumble","missing","pending","not-integrated","0","",""
"rusk-emberjaw/armed/get_up","fighter","rusk-emberjaw","get_up","missing","pending","not-integrated","0","",""
"rusk-emberjaw/armed/ko","fighter","rusk-emberjaw","ko","missing","pending","not-integrated","0","",""
"rusk-emberjaw/armed/respawn","fighter","rusk-emberjaw","respawn","missing","pending","not-integrated","0","",""
"rusk-emberjaw/armed/victory","fighter","rusk-emberjaw","victory","missing","pending","not-integrated","0","",""
"rusk-emberjaw/armed/neutral_air","fighter","rusk-emberjaw","neutral_air","missing","pending","not-integrated","0","",""
"rusk-emberjaw/armed/back_air","fighter","rusk-emberjaw","back_air","missing","pending","not-integrated","0","",""
"rusk-emberjaw/armed/up_air","fighter","rusk-emberjaw","up_air","missing","pending","not-integrated","0","",""
"rusk-emberjaw/armed/down_air","fighter","rusk-emberjaw","down_air","missing","pending","not-integrated","0","",""
"rusk-emberjaw/armed/up_smash","fighter","rusk-emberjaw","up_smash","missing","pending","not-integrated","0","",""
"rusk-emberjaw/armed/down_smash","fighter","rusk-emberjaw","down_smash","missing","pending","not-integrated","0","",""
"rusk-emberjaw/armed/throw_back","fighter","rusk-emberjaw","throw_back","missing","pending","not-integrated","0","",""
"rusk-emberjaw/armed/throw_up","fighter","rusk-emberjaw","throw_up","missing","pending","not-integrated","0","",""
"rusk-emberjaw/armed/throw_down","fighter","rusk-emberjaw","throw_down","missing","pending","not-integrated","0","",""
"rusk-emberjaw/armed/cast_forward","fighter","rusk-emberjaw","cast_forward","missing","pending","not-integrated","0","",""
"rusk-emberjaw/armed/cast_up","fighter","rusk-emberjaw","cast_up","missing","pending","not-integrated","0","",""
"rusk-emberjaw/armed/cast_down","fighter","rusk-emberjaw","cast_down","missing","pending","not-integrated","0","",""
"rusk-emberjaw/armed/cast_diagonal_up","fighter","rusk-emberjaw","cast_diagonal_up","missing","pending","not-integrated","0","",""
"rusk-emberjaw/armed/cast_diagonal_down","fighter","rusk-emberjaw","cast_diagonal_down","missing","pending","not-integrated","0","",""
"rusk-emberjaw/armed/pickup","fighter","rusk-emberjaw","pickup","missing","pending","not-integrated","0","",""
"rusk-emberjaw/armed/taunt","fighter","rusk-emberjaw","taunt","missing","pending","not-integrated","0","",""
"rusk-emberjaw/armed/idle_ready","fighter","rusk-emberjaw","idle_ready","missing","pending","not-integrated","0","",""
"rusk-emberjaw/armed/duck","fighter","rusk-emberjaw","duck","missing","pending","not-integrated","0","",""
"rusk-emberjaw/armed/crouch_idle","fighter","rusk-emberjaw","crouch_idle","missing","pending","not-integrated","0","",""
"rusk-emberjaw/armed/crouch_walk","fighter","rusk-emberjaw","crouch_walk","missing","pending","not-integrated","0","",""
"rusk-emberjaw/armed/hurt_crouch","fighter","rusk-emberjaw","hurt_crouch","missing","pending","not-integrated","0","",""
"rusk-emberjaw/armed/hurt_air","fighter","rusk-emberjaw","hurt_air","missing","pending","not-integrated","0","",""
"rusk-emberjaw/armed/hurt_back","fighter","rusk-emberjaw","hurt_back","missing","pending","not-integrated","0","",""
"rusk-emberjaw/armed/shield_hit","fighter","rusk-emberjaw","shield_hit","missing","pending","not-integrated","0","",""
"rusk-emberjaw/armed/shield_break","fighter","rusk-emberjaw","shield_break","missing","pending","not-integrated","0","",""
"rusk-emberjaw/armed/stun","fighter","rusk-emberjaw","stun","missing","pending","not-integrated","0","",""
"rusk-emberjaw/armed/frozen","fighter","rusk-emberjaw","frozen","missing","pending","not-integrated","0","",""
"rusk-emberjaw/armed/burning","fighter","rusk-emberjaw","burning","missing","pending","not-integrated","0","",""
"rusk-emberjaw/armed/grabbed","fighter","rusk-emberjaw","grabbed","missing","pending","not-integrated","0","",""
"rusk-emberjaw/armed/ledge_release","fighter","rusk-emberjaw","ledge_release","missing","pending","not-integrated","0","",""
"rusk-emberjaw/armed/defeat","fighter","rusk-emberjaw","defeat","missing","pending","not-integrated","0","",""
"rusk-emberjaw/armed/stand_up","fighter","rusk-emberjaw","stand_up","missing","pending","not-integrated","0","",""
"father-thorne/unarmed/idle","fighter","father-thorne","idle","missing","pending","not-integrated","0","",""
"father-thorne/unarmed/run","fighter","father-thorne","run","missing","pending","not-integrated","0","",""
"father-thorne/unarmed/jump","fighter","father-thorne","jump","missing","pending","not-integrated","0","",""
"father-thorne/unarmed/fall","fighter","father-thorne","fall","missing","pending","not-integrated","0","",""
"father-thorne/unarmed/land","fighter","father-thorne","land","missing","pending","not-integrated","0","",""
"father-thorne/unarmed/opener","fighter","father-thorne","opener","missing","pending","not-integrated","0","",""
"father-thorne/unarmed/launcher","fighter","father-thorne","launcher","missing","pending","not-integrated","0","",""
"father-thorne/unarmed/aerial","fighter","father-thorne","aerial","missing","pending","not-integrated","0","",""
"father-thorne/unarmed/finisher","fighter","father-thorne","finisher","missing","pending","not-integrated","0","",""
"father-thorne/unarmed/shield","fighter","father-thorne","shield","missing","pending","not-integrated","0","",""
"father-thorne/unarmed/dodge","fighter","father-thorne","dodge","missing","pending","not-integrated","0","",""
"father-thorne/unarmed/grab","fighter","father-thorne","grab","missing","pending","not-integrated","0","",""
"father-thorne/unarmed/throw_forward","fighter","father-thorne","throw_forward","missing","pending","not-integrated","0","",""
"father-thorne/unarmed/tactical","fighter","father-thorne","tactical","missing","pending","not-integrated","0","",""
"father-thorne/unarmed/ultimate","fighter","father-thorne","ultimate","missing","pending","not-integrated","0","",""
"father-thorne/unarmed/walk","fighter","father-thorne","walk","missing","pending","not-integrated","0","",""
"father-thorne/unarmed/dash","fighter","father-thorne","dash","missing","pending","not-integrated","0","",""
"father-thorne/unarmed/brake","fighter","father-thorne","brake","missing","pending","not-integrated","0","",""
"father-thorne/unarmed/double_jump","fighter","father-thorne","double_jump","missing","pending","not-integrated","0","",""
"father-thorne/unarmed/fast_fall","fighter","father-thorne","fast_fall","missing","pending","not-integrated","0","",""
"father-thorne/unarmed/air_dodge","fighter","father-thorne","air_dodge","missing","pending","not-integrated","0","",""
"father-thorne/unarmed/recovery","fighter","father-thorne","recovery","missing","pending","not-integrated","0","",""
"father-thorne/unarmed/wall_cling","fighter","father-thorne","wall_cling","missing","pending","not-integrated","0","",""
"father-thorne/unarmed/ledge_hang","fighter","father-thorne","ledge_hang","missing","pending","not-integrated","0","",""
"father-thorne/unarmed/ledge_climb","fighter","father-thorne","ledge_climb","missing","pending","not-integrated","0","",""
"father-thorne/unarmed/hurt","fighter","father-thorne","hurt","missing","pending","not-integrated","0","",""
"father-thorne/unarmed/tumble","fighter","father-thorne","tumble","missing","pending","not-integrated","0","",""
"father-thorne/unarmed/get_up","fighter","father-thorne","get_up","missing","pending","not-integrated","0","",""
"father-thorne/unarmed/ko","fighter","father-thorne","ko","missing","pending","not-integrated","0","",""
"father-thorne/unarmed/respawn","fighter","father-thorne","respawn","missing","pending","not-integrated","0","",""
"father-thorne/unarmed/victory","fighter","father-thorne","victory","missing","pending","not-integrated","0","",""
"father-thorne/unarmed/neutral_air","fighter","father-thorne","neutral_air","missing","pending","not-integrated","0","",""
"father-thorne/unarmed/back_air","fighter","father-thorne","back_air","missing","pending","not-integrated","0","",""
"father-thorne/unarmed/up_air","fighter","father-thorne","up_air","missing","pending","not-integrated","0","",""
"father-thorne/unarmed/down_air","fighter","father-thorne","down_air","missing","pending","not-integrated","0","",""
"father-thorne/unarmed/up_smash","fighter","father-thorne","up_smash","missing","pending","not-integrated","0","",""
"father-thorne/unarmed/down_smash","fighter","father-thorne","down_smash","missing","pending","not-integrated","0","",""
"father-thorne/unarmed/throw_back","fighter","father-thorne","throw_back","missing","pending","not-integrated","0","",""
"father-thorne/unarmed/throw_up","fighter","father-thorne","throw_up","missing","pending","not-integrated","0","",""
"father-thorne/unarmed/throw_down","fighter","father-thorne","throw_down","missing","pending","not-integrated","0","",""
"father-thorne/unarmed/cast_forward","fighter","father-thorne","cast_forward","missing","pending","not-integrated","0","",""
"father-thorne/unarmed/cast_up","fighter","father-thorne","cast_up","missing","pending","not-integrated","0","",""
"father-thorne/unarmed/cast_down","fighter","father-thorne","cast_down","missing","pending","not-integrated","0","",""
"father-thorne/unarmed/cast_diagonal_up","fighter","father-thorne","cast_diagonal_up","missing","pending","not-integrated","0","",""
"father-thorne/unarmed/cast_diagonal_down","fighter","father-thorne","cast_diagonal_down","missing","pending","not-integrated","0","",""
"father-thorne/unarmed/pickup","fighter","father-thorne","pickup","missing","pending","not-integrated","0","",""
"father-thorne/unarmed/taunt","fighter","father-thorne","taunt","missing","pending","not-integrated","0","",""
"father-thorne/unarmed/idle_ready","fighter","father-thorne","idle_ready","missing","pending","not-integrated","0","",""
"father-thorne/unarmed/duck","fighter","father-thorne","duck","missing","pending","not-integrated","0","",""
"father-thorne/unarmed/crouch_idle","fighter","father-thorne","crouch_idle","missing","pending","not-integrated","0","",""
"father-thorne/unarmed/crouch_walk","fighter","father-thorne","crouch_walk","missing","pending","not-integrated","0","",""
"father-thorne/unarmed/hurt_crouch","fighter","father-thorne","hurt_crouch","missing","pending","not-integrated","0","",""
"father-thorne/unarmed/hurt_air","fighter","father-thorne","hurt_air","missing","pending","not-integrated","0","",""
"father-thorne/unarmed/hurt_back","fighter","father-thorne","hurt_back","missing","pending","not-integrated","0","",""
"father-thorne/unarmed/shield_hit","fighter","father-thorne","shield_hit","missing","pending","not-integrated","0","",""
"father-thorne/unarmed/shield_break","fighter","father-thorne","shield_break","missing","pending","not-integrated","0","",""
"father-thorne/unarmed/stun","fighter","father-thorne","stun","missing","pending","not-integrated","0","",""
"father-thorne/unarmed/frozen","fighter","father-thorne","frozen","missing","pending","not-integrated","0","",""
"father-thorne/unarmed/burning","fighter","father-thorne","burning","missing","pending","not-integrated","0","",""
"father-thorne/unarmed/grabbed","fighter","father-thorne","grabbed","missing","pending","not-integrated","0","",""
"father-thorne/unarmed/ledge_release","fighter","father-thorne","ledge_release","missing","pending","not-integrated","0","",""
"father-thorne/unarmed/defeat","fighter","father-thorne","defeat","missing","pending","not-integrated","0","",""
"father-thorne/unarmed/stand_up","fighter","father-thorne","stand_up","missing","pending","not-integrated","0","",""
"father-thorne/armed/idle","fighter","father-thorne","idle","missing","pending","not-integrated","0","",""
"father-thorne/armed/run","fighter","father-thorne","run","missing","pending","not-integrated","0","",""
"father-thorne/armed/jump","fighter","father-thorne","jump","missing","pending","not-integrated","0","",""
"father-thorne/armed/fall","fighter","father-thorne","fall","missing","pending","not-integrated","0","",""
"father-thorne/armed/land","fighter","father-thorne","land","missing","pending","not-integrated","0","",""
"father-thorne/armed/opener","fighter","father-thorne","opener","missing","pending","not-integrated","0","",""
"father-thorne/armed/launcher","fighter","father-thorne","launcher","missing","pending","not-integrated","0","",""
"father-thorne/armed/aerial","fighter","father-thorne","aerial","missing","pending","not-integrated","0","",""
"father-thorne/armed/finisher","fighter","father-thorne","finisher","missing","pending","not-integrated","0","",""
"father-thorne/armed/shield","fighter","father-thorne","shield","missing","pending","not-integrated","0","",""
"father-thorne/armed/dodge","fighter","father-thorne","dodge","missing","pending","not-integrated","0","",""
"father-thorne/armed/grab","fighter","father-thorne","grab","missing","pending","not-integrated","0","",""
"father-thorne/armed/throw_forward","fighter","father-thorne","throw_forward","missing","pending","not-integrated","0","",""
"father-thorne/armed/tactical","fighter","father-thorne","tactical","missing","pending","not-integrated","0","",""
"father-thorne/armed/ultimate","fighter","father-thorne","ultimate","missing","pending","not-integrated","0","",""
"father-thorne/armed/walk","fighter","father-thorne","walk","missing","pending","not-integrated","0","",""
"father-thorne/armed/dash","fighter","father-thorne","dash","missing","pending","not-integrated","0","",""
"father-thorne/armed/brake","fighter","father-thorne","brake","missing","pending","not-integrated","0","",""
"father-thorne/armed/double_jump","fighter","father-thorne","double_jump","missing","pending","not-integrated","0","",""
"father-thorne/armed/fast_fall","fighter","father-thorne","fast_fall","missing","pending","not-integrated","0","",""
"father-thorne/armed/air_dodge","fighter","father-thorne","air_dodge","missing","pending","not-integrated","0","",""
"father-thorne/armed/recovery","fighter","father-thorne","recovery","missing","pending","not-integrated","0","",""
"father-thorne/armed/wall_cling","fighter","father-thorne","wall_cling","missing","pending","not-integrated","0","",""
"father-thorne/armed/ledge_hang","fighter","father-thorne","ledge_hang","missing","pending","not-integrated","0","",""
"father-thorne/armed/ledge_climb","fighter","father-thorne","ledge_climb","missing","pending","not-integrated","0","",""
"father-thorne/armed/hurt","fighter","father-thorne","hurt","missing","pending","not-integrated","0","",""
"father-thorne/armed/tumble","fighter","father-thorne","tumble","missing","pending","not-integrated","0","",""
"father-thorne/armed/get_up","fighter","father-thorne","get_up","missing","pending","not-integrated","0","",""
"father-thorne/armed/ko","fighter","father-thorne","ko","missing","pending","not-integrated","0","",""
"father-thorne/armed/respawn","fighter","father-thorne","respawn","missing","pending","not-integrated","0","",""
"father-thorne/armed/victory","fighter","father-thorne","victory","missing","pending","not-integrated","0","",""
"father-thorne/armed/neutral_air","fighter","father-thorne","neutral_air","missing","pending","not-integrated","0","",""
"father-thorne/armed/back_air","fighter","father-thorne","back_air","missing","pending","not-integrated","0","",""
"father-thorne/armed/up_air","fighter","father-thorne","up_air","missing","pending","not-integrated","0","",""
"father-thorne/armed/down_air","fighter","father-thorne","down_air","missing","pending","not-integrated","0","",""
"father-thorne/armed/up_smash","fighter","father-thorne","up_smash","missing","pending","not-integrated","0","",""
"father-thorne/armed/down_smash","fighter","father-thorne","down_smash","missing","pending","not-integrated","0","",""
"father-thorne/armed/throw_back","fighter","father-thorne","throw_back","missing","pending","not-integrated","0","",""
"father-thorne/armed/throw_up","fighter","father-thorne","throw_up","missing","pending","not-integrated","0","",""
"father-thorne/armed/throw_down","fighter","father-thorne","throw_down","missing","pending","not-integrated","0","",""
"father-thorne/armed/cast_forward","fighter","father-thorne","cast_forward","missing","pending","not-integrated","0","",""
"father-thorne/armed/cast_up","fighter","father-thorne","cast_up","missing","pending","not-integrated","0","",""
"father-thorne/armed/cast_down","fighter","father-thorne","cast_down","missing","pending","not-integrated","0","",""
"father-thorne/armed/cast_diagonal_up","fighter","father-thorne","cast_diagonal_up","missing","pending","not-integrated","0","",""
"father-thorne/armed/cast_diagonal_down","fighter","father-thorne","cast_diagonal_down","missing","pending","not-integrated","0","",""
"father-thorne/armed/pickup","fighter","father-thorne","pickup","missing","pending","not-integrated","0","",""
"father-thorne/armed/taunt","fighter","father-thorne","taunt","missing","pending","not-integrated","0","",""
"father-thorne/armed/idle_ready","fighter","father-thorne","idle_ready","missing","pending","not-integrated","0","",""
"father-thorne/armed/duck","fighter","father-thorne","duck","missing","pending","not-integrated","0","",""
"father-thorne/armed/crouch_idle","fighter","father-thorne","crouch_idle","missing","pending","not-integrated","0","",""
"father-thorne/armed/crouch_walk","fighter","father-thorne","crouch_walk","missing","pending","not-integrated","0","",""
"father-thorne/armed/hurt_crouch","fighter","father-thorne","hurt_crouch","missing","pending","not-integrated","0","",""
"father-thorne/armed/hurt_air","fighter","father-thorne","hurt_air","missing","pending","not-integrated","0","",""
"father-thorne/armed/hurt_back","fighter","father-thorne","hurt_back","missing","pending","not-integrated","0","",""
"father-thorne/armed/shield_hit","fighter","father-thorne","shield_hit","missing","pending","not-integrated","0","",""
"father-thorne/armed/shield_break","fighter","father-thorne","shield_break","missing","pending","not-integrated","0","",""
"father-thorne/armed/stun","fighter","father-thorne","stun","missing","pending","not-integrated","0","",""
"father-thorne/armed/frozen","fighter","father-thorne","frozen","missing","pending","not-integrated","0","",""
"father-thorne/armed/burning","fighter","father-thorne","burning","missing","pending","not-integrated","0","",""
"father-thorne/armed/grabbed","fighter","father-thorne","grabbed","missing","pending","not-integrated","0","",""
"father-thorne/armed/ledge_release","fighter","father-thorne","ledge_release","missing","pending","not-integrated","0","",""
"father-thorne/armed/defeat","fighter","father-thorne","defeat","missing","pending","not-integrated","0","",""
"father-thorne/armed/stand_up","fighter","father-thorne","stand_up","missing","pending","not-integrated","0","",""
"effects/combat/hit_light","effects","","hit_light","exported","pending","not-integrated","12","exports/effects/combat/hit_light/animation.json",""
"effects/combat/hit_heavy","effects","","hit_heavy","exported","pending","not-integrated","12","exports/effects/combat/hit_heavy/animation.json",""
"effects/combat/slash_horizontal","effects","","slash_horizontal","exported","pending","not-integrated","12","exports/effects/combat/slash_horizontal/animation.json",""
"effects/combat-fx/slash_vertical","effects","","slash_vertical","missing","pending","not-integrated","0","",""
"effects/combat-fx/thrust","effects","","thrust","missing","pending","not-integrated","0","",""
"effects/combat-fx/smash_ground","effects","","smash_ground","missing","pending","not-integrated","0","",""
"effects/combat-fx/shield_block","effects","","shield_block","missing","pending","not-integrated","0","",""
"effects/combat/parry","effects","","parry","exported","pending","not-integrated","12","exports/effects/combat/parry/animation.json",""
"ilyra-voss/unarmed/shield_break","effects","","shield_break","exported","export-verified","export-only","12","exports/ilyra-voss/unarmed/shield_break/animation.json","Alternate equipment export; Duel uses the armed character."
"effects/combat-fx/grab_contact","effects","","grab_contact","missing","pending","not-integrated","0","",""
"effects/combat-fx/throw_trail","effects","","throw_trail","missing","pending","not-integrated","0","",""
"effects/combat-fx/launch_trail","effects","","launch_trail","missing","pending","not-integrated","0","",""
"effects/combat/ko_burst","effects","","ko_burst","exported","pending","not-integrated","12","exports/effects/combat/ko_burst/animation.json",""
"effects/combat-fx/respawn_ring","effects","","respawn_ring","missing","pending","not-integrated","0","",""
"effects/combat-fx/charge","effects","","charge","missing","pending","not-integrated","0","",""
"effects/combat-fx/special_empty","effects","","special_empty","missing","pending","not-integrated","0","",""
"effects/movement/run_dust","effects","","run_dust","exported","pending","not-integrated","12","exports/effects/movement/run_dust/animation.json",""
"effects/movement-status-fx/skid_dust","effects","","skid_dust","missing","pending","not-integrated","0","",""
"effects/movement-status-fx/jump_dust","effects","","jump_dust","missing","pending","not-integrated","0","",""
"effects/movement/land_dust","effects","","land_dust","exported","pending","not-integrated","12","exports/effects/movement/land_dust/animation.json",""
"effects/movement/double_jump_ring","effects","","double_jump_ring","exported","pending","not-integrated","12","exports/effects/movement/double_jump_ring/animation.json",""
"effects/movement-status-fx/air_dodge_wisp","effects","","air_dodge_wisp","missing","pending","not-integrated","0","",""
"effects/movement-status-fx/recovery_jet","effects","","recovery_jet","missing","pending","not-integrated","0","",""
"effects/movement-status-fx/ledge_spark","effects","","ledge_spark","missing","pending","not-integrated","0","",""
"effects/status/burn","effects","","burn","exported","pending","not-integrated","12","exports/effects/status/burn/animation.json",""
"effects/status/frost","effects","","frost","exported","pending","not-integrated","12","exports/effects/status/frost/animation.json",""
"effects/movement-status-fx/electric","effects","","electric","missing","pending","not-integrated","0","",""
"effects/movement-status-fx/poison","effects","","poison","missing","pending","not-integrated","0","",""
"effects/status/stun_stars","effects","","stun_stars","exported","pending","not-integrated","12","exports/effects/status/stun_stars/animation.json",""
"effects/movement-status-fx/heal","effects","","heal","missing","pending","not-integrated","0","",""
"effects/movement-status-fx/armor","effects","","armor","missing","pending","not-integrated","0","",""
"effects/movement-status-fx/invulnerable","effects","","invulnerable","missing","pending","not-integrated","0","",""
"effects/projectiles/spark_bolt","effects","","spark_bolt","missing","pending","not-integrated","0","",""
"effects/projectiles/heavy_spark","effects","","heavy_spark","missing","pending","not-integrated","0","",""
"effects/projectiles/wisp","effects","","wisp","missing","pending","not-integrated","0","",""
"effects/projectiles/electric_bolt","effects","","electric_bolt","missing","pending","not-integrated","0","",""
"effects/projectiles/rapid_dart","effects","","rapid_dart","missing","pending","not-integrated","0","",""
"effects/projectiles/trigger_orb","effects","","trigger_orb","missing","pending","not-integrated","0","",""
"effects/projectiles/ice_lance","effects","","ice_lance","missing","pending","not-integrated","0","",""
"effects/projectiles/frost_shard","effects","","frost_shard","missing","pending","not-integrated","0","",""
"effects/projectiles/mercury_bolt","effects","","mercury_bolt","missing","pending","not-integrated","0","",""
"effects/projectiles/warp_bolt","effects","","warp_bolt","missing","pending","not-integrated","0","",""
"effects/projectiles/cast_bomb","effects","","cast_bomb","missing","pending","not-integrated","0","",""
"effects/projectiles/flame_jet","effects","","flame_jet","missing","pending","not-integrated","0","",""
"effects/projectiles/acid_glob","effects","","acid_glob","missing","pending","not-integrated","0","",""
"effects/projectiles/black_hole","effects","","black_hole","missing","pending","not-integrated","0","",""
"effects/projectiles/stone_disc","effects","","stone_disc","missing","pending","not-integrated","0","",""
"effects/projectiles/thorn_bolt","effects","","thorn_bolt","missing","pending","not-integrated","0","",""
"props/weapons/ilyra_wand","props","","ilyra_wand","missing","pending","not-integrated","0","",""
"props/weapons/brann_pressure_rod","props","","brann_pressure_rod","exported","pending","not-integrated","1","exports/props/weapons/brann_pressure_rod/animation.json",""
"props/weapons/brann_tower_shield","props","","brann_tower_shield","exported","pending","not-integrated","1","exports/props/weapons/brann_tower_shield/animation.json",""
"props/weapons/sable_sickle","props","","sable_sickle","missing","pending","not-integrated","0","",""
"props/weapons/mara_bell","props","","mara_bell","missing","pending","not-integrated","0","",""
"props/weapons/kest_hook","props","","kest_hook","missing","pending","not-integrated","0","",""
"props/weapons/nox_lantern","props","","nox_lantern","missing","pending","not-integrated","0","",""
"props/weapons/edda_staff","props","","edda_staff","missing","pending","not-integrated","0","",""
"props/weapons/edda_shield","props","","edda_shield","missing","pending","not-integrated","0","",""
"props/weapons/selene_spear","props","","selene_spear","missing","pending","not-integrated","0","",""
"props/weapons/rusk_gauntlet","props","","rusk_gauntlet","missing","pending","not-integrated","0","",""
"props/weapons/thorne_staff","props","","thorne_staff","missing","pending","not-integrated","0","",""
"props/weapons/crucible_vial","props","","crucible_vial","missing","pending","not-integrated","0","",""
"props/weapons/blackglass_canister","props","","blackglass_canister","missing","pending","not-integrated","0","",""
"props/weapons/bogline_hook","props","","bogline_hook","missing","pending","not-integrated","0","",""
"props/weapons/mercy_shard","props","","mercy_shard","missing","pending","not-integrated","0","",""
"props/items-devices/health_flask","props","","health_flask","missing","pending","not-integrated","0","",""
"props/items-devices/water_flask","props","","water_flask","missing","pending","not-integrated","0","",""
"props/items-devices/oil_flask","props","","oil_flask","missing","pending","not-integrated","0","",""
"props/items-devices/slime_flask","props","","slime_flask","missing","pending","not-integrated","0","",""
"props/items-devices/nitrogen_flask","props","","nitrogen_flask","missing","pending","not-integrated","0","",""
"props/items-devices/powder_pouch","props","","powder_pouch","missing","pending","not-integrated","0","",""
"props/items-devices/special_charge","props","","special_charge","missing","pending","not-integrated","0","",""
"props/items-devices/armor_pickup","props","","armor_pickup","missing","pending","not-integrated","0","",""
"props/items-devices/supply_crate","props","","supply_crate","missing","pending","not-integrated","0","",""
"props/items-devices/powder_keg","props","","powder_keg","missing","pending","not-integrated","0","",""
"props/items-devices/resonance_bell","props","","resonance_bell","missing","pending","not-integrated","0","",""
"props/items-devices/updraft_furnace","props","","updraft_furnace","missing","pending","not-integrated","0","",""
"props/items-devices/rose_window","props","","rose_window","missing","pending","not-integrated","0","",""
"props/items-devices/ironvine_seed","props","","ironvine_seed","missing","pending","not-integrated","0","",""
"props/items-devices/echo_beacon","props","","echo_beacon","missing","pending","not-integrated","0","",""
"props/items-devices/respawn_dais","props","","respawn_dais","missing","pending","not-integrated","0","",""
"props/stage-kit/foundry_platform","props","","foundry_platform","missing","pending","not-integrated","0","",""
"props/stage-kit/kiln_platform","props","","kiln_platform","missing","pending","not-integrated","0","",""
"props/stage-kit/cistern_platform","props","","cistern_platform","missing","pending","not-integrated","0","",""
"props/stage-kit/gallery_platform","props","","gallery_platform","missing","pending","not-integrated","0","",""
"props/stage-kit/steel_ledge","props","","steel_ledge","missing","pending","not-integrated","0","",""
"props/stage-kit/stone_ledge","props","","stone_ledge","missing","pending","not-integrated","0","",""
"props/stage-kit/chain","props","","chain","missing","pending","not-integrated","0","",""
"props/stage-kit/pipe","props","","pipe","missing","pending","not-integrated","0","",""
"props/stage-kit/gear","props","","gear","missing","pending","not-integrated","0","",""
"props/stage-kit/support","props","","support","missing","pending","not-integrated","0","",""
"props/stage-kit/lamp_teal","props","","lamp_teal","missing","pending","not-integrated","0","",""
"props/stage-kit/lamp_amber","props","","lamp_amber","missing","pending","not-integrated","0","",""
"props/stage-kit/vent","props","","vent","missing","pending","not-integrated","0","",""
"props/stage-kit/brazier","props","","brazier","missing","pending","not-integrated","0","",""
"props/stage-kit/rubble","props","","rubble","missing","pending","not-integrated","0","",""
"props/stage-kit/briar_patch","props","","briar_patch","missing","pending","not-integrated","0","",""
"ui/hud-icons/stock","ui","","stock","missing","pending","not-integrated","0","",""
"ui/hud-icons/special_charge","ui","","special_charge","missing","pending","not-integrated","0","",""
"ilyra-voss/unarmed/shield","ui","","shield","exported","export-verified","export-only","12","exports/ilyra-voss/unarmed/shield/animation.json","Alternate equipment export; Duel uses the armed character."
"ui/hud-icons/attack","ui","","attack","missing","pending","not-integrated","0","",""
"ilyra-voss/unarmed/grab","ui","","grab","exported","export-verified","export-only","12","exports/ilyra-voss/unarmed/grab/animation.json","Alternate equipment export; Duel uses the armed character."
"ilyra-voss/unarmed/jump","ui","","jump","exported","export-verified","export-only","12","exports/ilyra-voss/unarmed/jump/animation.json","Alternate equipment export; Duel uses the armed character."
"ilyra-voss/unarmed/dodge","ui","","dodge","exported","export-verified","export-only","16","exports/ilyra-voss/unarmed/dodge/animation.json","Alternate equipment export; Duel uses the armed character."
"ilyra-voss/unarmed/recovery","ui","","recovery","exported","export-verified","export-only","16","exports/ilyra-voss/unarmed/recovery/animation.json","Alternate equipment export; Duel uses the armed character."
"ui/hud-icons/timer","ui","","timer","missing","pending","not-integrated","0","",""
"ui/hud-icons/sudden_death","ui","","sudden_death","missing","pending","not-integrated","0","",""
"ui/hud-icons/winner","ui","","winner","missing","pending","not-integrated","0","",""
"ui/hud-icons/rematch","ui","","rematch","missing","pending","not-integrated","0","",""
"ui/hud-icons/controller","ui","","controller","missing","pending","not-integrated","0","",""
"ui/hud-icons/keyboard","ui","","keyboard","missing","pending","not-integrated","0","",""
"ui/hud-icons/player_one","ui","","player_one","missing","pending","not-integrated","0","",""
"ui/hud-icons/player_two","ui","","player_two","missing","pending","not-integrated","0","",""
"effects/ilyra-voss/crucible_spin","effects","ilyra-voss","crucible_spin","exported","replacement-reviewed","integrated","12","exports/effects/ilyra-voss/crucible_spin/animation.json","Connected to the existing body state or kit event; see DUO-COMPLETION.md."
"effects/ilyra-voss/crucible_burst","effects","ilyra-voss","crucible_burst","exported","runtime-sampled","integrated","16","exports/effects/ilyra-voss/crucible_burst/animation.json","Connected to the existing body state or kit event; see DUO-COMPLETION.md."
"effects/ilyra-voss/scorch","effects","ilyra-voss","scorch","exported","replacement-reviewed","integrated","12","exports/effects/ilyra-voss/scorch/animation.json","Connected to the existing body state or kit event; see DUO-COMPLETION.md."
"effects/ilyra-voss/phoenix_aura","effects","ilyra-voss","phoenix_aura","exported","runtime-sampled","integrated","12","exports/effects/ilyra-voss/phoenix_aura/animation.json","Connected to the existing body state or kit event; see DUO-COMPLETION.md."
"effects/ilyra-voss/fire_trail","effects","ilyra-voss","fire_trail","exported","runtime-sampled","integrated","12","exports/effects/ilyra-voss/fire_trail/animation.json","Connected to the existing body state or kit event; see DUO-COMPLETION.md."
"effects/ilyra-voss/volatile_spark","effects","ilyra-voss","volatile_spark","exported","replacement-reviewed","integrated","12","exports/effects/ilyra-voss/volatile_spark/animation.json","Connected to the existing body state or kit event; see DUO-COMPLETION.md."
"effects/ilyra-voss/phoenix_charge","effects","ilyra-voss","phoenix_charge","exported","replacement-reviewed","integrated","12","exports/effects/ilyra-voss/phoenix_charge/animation.json","Connected to the existing body state or kit event; see DUO-COMPLETION.md."
"effects/ilyra-voss/crucible_fragments","effects","ilyra-voss","crucible_fragments","exported","replacement-reviewed","integrated","12","exports/effects/ilyra-voss/crucible_fragments/animation.json","Connected to the existing body state or kit event; see DUO-COMPLETION.md."
"effects/brann-rook/guard_plate","effects","brann-rook","guard_plate","exported","runtime-sampled","integrated","12","exports/effects/brann-rook/guard_plate/animation.json","Connected to the existing body state or kit event; see DUO-COMPLETION.md."
"effects/brann-rook/guard_impact","effects","brann-rook","guard_impact","exported","runtime-sampled","integrated","12","exports/effects/brann-rook/guard_impact/animation.json","Connected to the existing body state or kit event; see DUO-COMPLETION.md."
"effects/brann-rook/pressure","effects","brann-rook","pressure","exported","runtime-sampled","integrated","12","exports/effects/brann-rook/pressure/animation.json","Connected to the existing body state or kit event; see DUO-COMPLETION.md."
"effects/brann-rook/redline_aura","effects","brann-rook","redline_aura","exported","runtime-sampled","integrated","12","exports/effects/brann-rook/redline_aura/animation.json","Connected to the existing body state or kit event; see DUO-COMPLETION.md."
"effects/brann-rook/steam_jet","effects","brann-rook","steam_jet","exported","runtime-sampled","integrated","12","exports/effects/brann-rook/steam_jet/animation.json","Connected to the existing body state or kit event; see DUO-COMPLETION.md."
"effects/brann-rook/vent_cloud","effects","brann-rook","vent_cloud","exported","runtime-sampled","integrated","12","exports/effects/brann-rook/vent_cloud/animation.json","Connected to the existing body state or kit event; see DUO-COMPLETION.md."
"effects/brann-rook/armor_scraps","effects","brann-rook","armor_scraps","exported","runtime-sampled","integrated","12","exports/effects/brann-rook/armor_scraps/animation.json","Connected to the existing body state or kit event; see DUO-COMPLETION.md."
"effects/brann-rook/boiler_flare","effects","brann-rook","boiler_flare","exported","runtime-sampled","integrated","12","exports/effects/brann-rook/boiler_flare/animation.json","Connected to the existing body state or kit event; see DUO-COMPLETION.md."
"effects/sable-fen/bogline_tip","effects","sable-fen","bogline_tip","missing","pending","not-integrated","0","",""
"effects/sable-fen/bogline_rope","effects","sable-fen","bogline_rope","missing","pending","not-integrated","0","",""
"effects/sable-fen/spoor","effects","sable-fen","spoor","missing","pending","not-integrated","0","",""
"effects/sable-fen/bloodsense","effects","sable-fen","bloodsense","missing","pending","not-integrated","0","",""
"effects/sable-fen/mire_splash","effects","sable-fen","mire_splash","missing","pending","not-integrated","0","",""
"effects/sable-fen/hook_contact","effects","sable-fen","hook_contact","missing","pending","not-integrated","0","",""
"effects/sable-fen/reveal_mark","effects","sable-fen","reveal_mark","missing","pending","not-integrated","0","",""
"effects/sable-fen/spore_cloud","effects","sable-fen","spore_cloud","missing","pending","not-integrated","0","",""
"effects/mara-quell/bell_pulse","effects","mara-quell","bell_pulse","missing","pending","not-integrated","0","",""
"effects/mara-quell/resonance_wave","effects","mara-quell","resonance_wave","missing","pending","not-integrated","0","",""
"effects/mara-quell/dead_chime","effects","mara-quell","dead_chime","missing","pending","not-integrated","0","",""
"effects/mara-quell/sound_ripple","effects","mara-quell","sound_ripple","missing","pending","not-integrated","0","",""
"effects/mara-quell/revealed_mark","effects","mara-quell","revealed_mark","missing","pending","not-integrated","0","",""
"effects/mara-quell/bell_charge","effects","mara-quell","bell_charge","missing","pending","not-integrated","0","",""
"effects/mara-quell/disrupt","effects","mara-quell","disrupt","missing","pending","not-integrated","0","",""
"effects/mara-quell/chime_motes","effects","mara-quell","chime_motes","missing","pending","not-integrated","0","",""
"effects/kest-rel/smoke_step","effects","kest-rel","smoke_step","missing","pending","not-integrated","0","",""
"effects/kest-rel/smoke_trail","effects","kest-rel","smoke_trail","missing","pending","not-integrated","0","",""
"effects/kest-rel/updraft","effects","kest-rel","updraft","missing","pending","not-integrated","0","",""
"effects/kest-rel/furnace_ignite","effects","kest-rel","furnace_ignite","missing","pending","not-integrated","0","",""
"effects/kest-rel/hook_glint","effects","kest-rel","hook_glint","missing","pending","not-integrated","0","",""
"effects/kest-rel/chimney_soot","effects","kest-rel","chimney_soot","missing","pending","not-integrated","0","",""
"effects/kest-rel/draft_ring","effects","kest-rel","draft_ring","missing","pending","not-integrated","0","",""
"effects/kest-rel/runner_spark","effects","kest-rel","runner_spark","missing","pending","not-integrated","0","",""
"effects/nox-calder/blackglass_smoke","effects","nox-calder","blackglass_smoke","missing","pending","not-integrated","0","",""
"effects/nox-calder/canister_spin","effects","nox-calder","canister_spin","missing","pending","not-integrated","0","",""
"effects/nox-calder/long_night","effects","nox-calder","long_night","missing","pending","not-integrated","0","",""
"effects/nox-calder/soot_eye","effects","nox-calder","soot_eye","missing","pending","not-integrated","0","",""
"effects/nox-calder/lantern_flare","effects","nox-calder","lantern_flare","missing","pending","not-integrated","0","",""
"effects/nox-calder/extinguish","effects","nox-calder","extinguish","missing","pending","not-integrated","0","",""
"effects/nox-calder/shadow_pool","effects","nox-calder","shadow_pool","missing","pending","not-integrated","0","",""
"effects/nox-calder/blackglass_shards","effects","nox-calder","blackglass_shards","missing","pending","not-integrated","0","",""
"effects/edda-morrow/mercy_shard","effects","edda-morrow","mercy_shard","missing","pending","not-integrated","0","",""
"effects/edda-morrow/mercy_aura","effects","edda-morrow","mercy_aura","missing","pending","not-integrated","0","",""
"effects/edda-morrow/rose_pulse","effects","edda-morrow","rose_pulse","missing","pending","not-integrated","0","",""
"effects/edda-morrow/refraction","effects","edda-morrow","refraction","missing","pending","not-integrated","0","",""
"effects/edda-morrow/stored_light","effects","edda-morrow","stored_light","missing","pending","not-integrated","0","",""
"effects/edda-morrow/healing_motes","effects","edda-morrow","healing_motes","missing","pending","not-integrated","0","",""
"effects/edda-morrow/glass_break","effects","edda-morrow","glass_break","missing","pending","not-integrated","0","",""
"effects/edda-morrow/halo_bloom","effects","edda-morrow","halo_bloom","missing","pending","not-integrated","0","",""
"effects/selene-wraith/echo_spawn","effects","selene-wraith","echo_spawn","missing","pending","not-integrated","0","",""
"effects/selene-wraith/blink_in","effects","selene-wraith","blink_in","missing","pending","not-integrated","0","",""
"effects/selene-wraith/blink_out","effects","selene-wraith","blink_out","missing","pending","not-integrated","0","",""
"effects/selene-wraith/mercury_trail","effects","selene-wraith","mercury_trail","missing","pending","not-integrated","0","",""
"effects/selene-wraith/mirror_shards","effects","selene-wraith","mirror_shards","missing","pending","not-integrated","0","",""
"effects/selene-wraith/mirror_hunt","effects","selene-wraith","mirror_hunt","missing","pending","not-integrated","0","",""
"effects/selene-wraith/liquid_splash","effects","selene-wraith","liquid_splash","missing","pending","not-integrated","0","",""
"effects/selene-wraith/echo_fade","effects","selene-wraith","echo_fade","missing","pending","not-integrated","0","",""
"effects/rusk-emberjaw/ram_trail","effects","rusk-emberjaw","ram_trail","missing","pending","not-integrated","0","",""
"effects/rusk-emberjaw/ram_contact","effects","rusk-emberjaw","ram_contact","missing","pending","not-integrated","0","",""
"effects/rusk-emberjaw/kiln_aura","effects","rusk-emberjaw","kiln_aura","missing","pending","not-integrated","0","",""
"effects/rusk-emberjaw/kiln_embers","effects","rusk-emberjaw","kiln_embers","missing","pending","not-integrated","0","",""
"effects/rusk-emberjaw/scrap_recovery","effects","rusk-emberjaw","scrap_recovery","missing","pending","not-integrated","0","",""
"effects/rusk-emberjaw/furnace_vent","effects","rusk-emberjaw","furnace_vent","missing","pending","not-integrated","0","",""
"effects/rusk-emberjaw/hot_fist","effects","rusk-emberjaw","hot_fist","missing","pending","not-integrated","0","",""
"effects/rusk-emberjaw/heat_wave","effects","rusk-emberjaw","heat_wave","missing","pending","not-integrated","0","",""
"effects/father-thorne/ironvine_grow","effects","father-thorne","ironvine_grow","missing","pending","not-integrated","0","",""
"effects/father-thorne/ironvine_segment","effects","father-thorne","ironvine_segment","missing","pending","not-integrated","0","",""
"effects/father-thorne/overgrowth","effects","father-thorne","overgrowth","missing","pending","not-integrated","0","",""
"effects/father-thorne/root_grip","effects","father-thorne","root_grip","missing","pending","not-integrated","0","",""
"effects/father-thorne/leaf_burst","effects","father-thorne","leaf_burst","missing","pending","not-integrated","0","",""
"effects/father-thorne/camouflage","effects","father-thorne","camouflage","missing","pending","not-integrated","0","",""
"effects/father-thorne/thorn_contact","effects","father-thorne","thorn_contact","missing","pending","not-integrated","0","",""
"effects/father-thorne/briar_pollen","effects","father-thorne","briar_pollen","missing","pending","not-integrated","0","",""
"effects/combat/shield_break","effects","","shield_break","exported","pending","not-integrated","12","exports/effects/combat/shield_break/animation.json",""
"props/weapons/ilyra_pistol","props","","ilyra_pistol","exported","pending","not-integrated","1","exports/props/weapons/ilyra_pistol/animation.json",""
"props/pickups/health_vial","props","","health_vial","exported","pending","not-integrated","1","exports/props/pickups/health_vial/animation.json",""
"props/pickups/shield_shard","props","","shield_shard","exported","pending","not-integrated","1","exports/props/pickups/shield_shard/animation.json",""
"props/stage/wooden_crate","props","","wooden_crate","exported","pending","not-integrated","1","exports/props/stage/wooden_crate/animation.json",""
"props/stage/powder_barrel","props","","powder_barrel","exported","pending","not-integrated","1","exports/props/stage/powder_barrel/animation.json",""
"effects/brann-rook/boiler_vent","effects","brann-rook","boiler_vent","exported","runtime-sampled","integrated","12","exports/effects/brann-rook/boiler_vent/animation.json","Connected to the existing body state or kit event; see DUO-COMPLETION.md."
"effects/brann-rook/redline_heat","effects","brann-rook","redline_heat","exported","runtime-sampled","integrated","12","exports/effects/brann-rook/redline_heat/animation.json","Connected to the existing body state or kit event; see DUO-COMPLETION.md."
